373805000,1718424378,-16.095879,117.50489,106.0,0,3455.0
373805000,1718425768,-16.027149,117.489326,112.0,0,3482.0
373805000,1718426289,-16.00058,117.484016,113.0,0,3503.0
373805000,1718426398,-15.994775,117.482994,113.0,0,3499.0
373805000,1718426548,-15.987012,117.481567,114.0,0,3505.0
373805000,1718427398,-15.942602,117.474998,114.0,0,3522.0
373805000,1718427508,-15.936945,117.474205,114.0,0,3519.0
373805000,1718427930,-15.914855,117.470703,115.0,0,3514.0
373805000,1718428057,-15.90806,117.469627,115.0,0,3515.0
373805000,1718428450,-15.887837,117.465103,114.0,0,3467.0
373805000,1718428569,-15.881603,117.4636,114.0,0,3468.0
373805000,1718428630,-15.878518,117.462875,113.0,0,3468.0
373805000,1718429011,-15.859127,117.458038,113.0,0,3459.0
373805000,1718429097,-15.854615,117.456902,112.0,0,3460.0
373805000,1718429569,-15.830928,117.45079,111.0,0,3463.0
373805000,1718429688,-15.824982,117.449249,111.0,0,3453.0
373805000,1718430107,-15.80405,117.44368,110.0,0,3451.0
373805000,1718430267,-15.79625,117.441505,110.0,0,3449.0
373805000,1718430700,-15.775092,117.43573,109.0,0,3446.0
373805000,1718430760,-15.772182,117.434898,110.0,0,3447.0
373805000,1718430815,-15.769242,117.434074,110.0,0,3451.0
373805000,1718431197,-15.750505,117.428886,109.0,0,3447.0
373805000,1718431757,-15.723107,117.421303,109.0,0,3453.0
373805000,1718431816,-15.720183,117.420494,109.0,0,3447.0
373805000,1718431846,-15.718663,117.420074,109.0,0,3450.0
373805000,1718432172,-15.703047,117.415733,109.0,0,3449.0
373805000,1718432730,-15.675602,117.407997,109.0,0,3453.0
373805000,1718433285,-15.648288,117.400322,108.0,0,3451.0
373805000,1718433306,-15.647262,117.400032,109.0,0,3449.0
373805000,1718433817,-15.622535,117.393082,108.0,0,3451.0
373805000,1718433927,-15.617217,117.391602,108.0,0,3448.0
373805000,1718434268,-15.600812,117.387077,107.0,0,3441.0
373805000,1718434358,-15.596468,117.385857,107.0,0,3450.0
373805000,1718434419,-15.593583,117.385086,108.0,0,3456.0
373805000,1718434716,-15.579095,117.381027,107.0,0,3454.0
373805000,1718434914,-15.569618,117.378395,107.0,0,3448.0
373805000,1718435269,-15.55276,117.373657,107.0,0,3449.0
373805000,1718435416,-15.545478,117.371704,107.0,0,3448.0
373805000,1718435517,-15.540662,117.370384,107.0,0,3451.0
373805000,1718435636,-15.534965,117.36879,107.0,0,3448.0
373805000,1718435816,-15.52632,117.366364,107.0,0,3446.0
373805000,1718436375,-15.499372,117.358871,108.0,0,3445.0
373805000,1718437199,-15.459322,117.348694,109.0,0,3459.0
373805000,1718437209,-15.45888,117.348579,109.0,0,3458.0
373805000,1718437665,-15.436175,117.343117,109.0,0,3471.0
373805000,1718437738,-15.432713,117.342285,109.0,0,3472.0
373805000,1718438042,-15.417852,117.338654,109.0,0,3463.0
373805000,1718438098,-15.414895,117.337929,109.0,0,3468.0
373805000,1718438539,-15.39322,117.332726,109.0,0,3469.0
373805000,1718439127,-15.364207,117.325638,109.0,0,3469.0
373805000,1718440061,-15.318455,117.314438,109.0,0,3468.0
373805000,1718440149,-15.313973,117.31337,109.0,0,3469.0
373805000,1718440716,-15.286017,117.306641,108.0,0,3474.0
373805000,1718441176,-15.263482,117.301071,108.0,0,3461.0
373805000,1718441358,-15.25466,117.298882,108.0,0,3465.0
373805000,1718441786,-15.23375,117.293434,108.0,0,3455.0
373805000,1718443280,-15.16119,117.274361,108.0,0,3455.0
373805000,1718443792,-15.136417,117.267883,108.0,0,3456.0
373805000,1718443879,-15.132085,117.266747,108.0,0,3458.0
373805000,1718443967,-15.127723,117.265594,108.0,0,3453.0
373805000,1718444087,-15.12193,117.26403,108.0,0,3450.0
373805000,1718444417,-15.105958,117.259666,108.0,0,3450.0
373805000,1718445555,-15.050803,117.245163,107.0,0,3453.0
373805000,1718445611,-15.048398,117.24453,107.0,0,3452.0
373805000,1718446167,-15.021435,117.237511,107.0,0,3458.0
373805000,1718446600,-15.000602,117.232491,107.0,0,3467.0
373805000,1718447171,-14.973028,117.226006,107.0,0,3468.0
373805000,1718447667,-14.94875,117.220398,107.0,0,3473.0
373805000,1718450186,-14.82754,117.190651,106.0,0,3465.0
373805000,1718450346,-14.81988,117.188766,107.0,0,3468.0
373805000,1718450711,-14.802527,117.184731,106.0,0,3475.0
373805000,1718450767,-14.799668,117.184044,105.0,0,3468.0
373805000,1718450890,-14.793912,117.182678,106.0,0,3468.0
373805000,1718451888,-14.746153,117.171326,105.0,0,3465.0
373805000,1718451968,-14.742465,117.170387,104.0,0,3461.0
373805000,1718452568,-14.713877,117.163712,105.0,0,3467.0
373805000,1718452978,-14.694138,117.159164,105.0,0,3472.0
373805000,1718453319,-14.677827,117.155449,105.0,0,3467.0
373805000,1718453876,-14.65104,117.149254,106.0,0,3472.0
373805000,1718453967,-14.646578,117.148193,106.0,0,3463.0
373805000,1718454625,-14.615455,117.139488,105.0,0,3406.0
373805000,1718454948,-14.600525,117.134445,106.0,0,3446.0
373805000,1718455057,-14.595223,117.133148,105.0,0,3447.0
373805000,1718455097,-14.593335,117.132645,106.0,0,3457.0
373805000,1718456975,-14.503203,117.111351,107.0,0,3487.0
373805000,1718457215,-14.491595,117.1091,106.0,0,3491.0
373805000,1718457627,-14.471817,117.105209,105.0,0,3482.0
373805000,1718457646,-14.47096,117.105026,105.0,0,3482.0
373805000,1718458016,-14.453327,117.101372,105.0,0,3482.0
373805000,1718458169,-14.44617,117.099663,104.0,0,3471.0
373805000,1718458287,-14.440512,117.098289,104.0,0,3470.0
373805000,1718458382,-14.436253,117.097313,104.0,0,3474.0
373805000,1718458547,-14.428233,117.095467,105.0,0,3471.0
373805000,1718458669,-14.422598,117.094086,104.0,0,3462.0
373805000,1718458907,-14.411333,117.091393,104.0,0,3466.0
373805000,1718458964,-14.408492,117.090729,104.0,0,3467.0
373805000,1718459087,-14.40288,117.089348,104.0,0,3465.0
373805000,1718459124,-14.400887,117.088844,105.0,0,3461.0
373805000,1718459157,-14.39947,117.088493,104.0,0,3459.0
373805000,1718459253,-14.39481,117.087288,105.0,0,3456.0
373805000,1718459295,-14.392862,117.0868,105.0,0,3453.0
373805000,1718459302,-14.392862,117.0868,105.0,0,3453.0
373805000,1718459750,-14.37155,117.081291,105.0,0,3455.0
373805000,1718459836,-14.367345,117.080215,105.0,0,3463.0
373805000,1718459980,-14.360758,117.078598,105.0,0,3466.0
373805000,1718460238,-14.348437,117.075378,104.0,0,3458.0
373805000,1718460296,-14.345658,117.074654,105.0,0,3460.0
373805000,1718460791,-14.322577,117.06868,104.0,0,3456.0
373805000,1718461338,-14.296747,117.062012,104.0,0,3458.0
373805000,1718461427,-14.292477,117.060875,104.0,0,3458.0
373805000,1718461877,-14.271362,117.055275,103.0,0,3458.0
373805000,1718461939,-14.268555,117.054565,103.0,0,3459.0
373805000,1718462399,-14.247255,117.048653,104.0,0,3446.0
373805000,1718462478,-14.243415,117.047592,104.0,0,3449.0
373805000,1718462691,-14.233697,117.045006,104.0,0,3456.0
373805000,1718463011,-14.218647,117.041054,103.0,0,3458.0
373805000,1718463275,-14.206082,117.037689,104.0,0,3452.0
373805000,1718463527,-14.19437,117.034531,104.0,0,3450.0
373805000,1718464485,-14.149447,117.022606,104.0,0,3462.0
373805000,1718464495,-14.14902,117.022491,104.0,0,3459.0
373805000,1718464524,-14.147642,117.022156,104.0,0,3464.0
373805000,1718464555,-14.14613,117.021782,104.0,0,3463.0
373805000,1718464574,-14.145238,117.021545,105.0,0,3458.0
373805000,1718464594,-14.144303,117.021294,105.0,0,3455.0
373805000,1718464605,-14.143787,117.021164,104.0,0,3463.0
373805000,1718464644,-14.141948,117.020683,105.0,0,3457.0
373805000,1718465499,-14.101813,117.010704,104.0,0,3470.0
373805000,1718465818,-14.0868,117.006836,104.0,0,3458.0
373805000,1718465977,-14.07925,117.004921,105.0,0,3455.0
373805000,1718466547,-14.05222,116.998314,105.0,0,3465.0
373805000,1718467065,-14.027602,116.992325,105.0,0,3463.0
373805000,1718467107,-14.025602,116.991829,105.0,0,3468.0
373805000,1718467149,-14.023743,116.991371,105.0,0,3462.0
373805000,1718467230,-14.019877,116.990433,105.0,0,3473.0
373805000,1718467630,-14.00082,116.985802,106.0,0,3463.0
373805000,1718468256,-13.970865,116.978424,105.0,0,3467.0
373805000,1718468579,-13.955613,116.97464,105.0,0,3460.0
373805000,1718469819,-13.89628,116.959801,107.0,0,3460.0
373805000,1718469917,-13.891517,116.958611,107.0,0,3459.0
373805000,1718470486,-13.864042,116.951843,107.0,0,3464.0
373805000,1718470844,-13.8467,116.947617,107.0,0,3459.0
373805000,1718471521,-13.81448,116.939774,106.0,0,3463.0
373805000,1718472106,-13.786103,116.932915,107.0,0,3463.0
373805000,1718472126,-13.785142,116.932678,106.0,0,3465.0
373805000,1718473409,-13.722842,116.917999,109.0,0,3472.0
373805000,1718473967,-13.69511,116.91143,109.0,0,3467.0
373805000,1718475088,-13.639698,116.897606,110.0,0,3463.0
373805000,1718475349,-13.626863,116.894402,109.0,0,3458.0
373805000,1718475636,-13.612548,116.890717,109.0,0,3460.0
373805000,1718476146,-13.587555,116.884666,108.0,0,3471.0
373805000,1718476199,-13.585073,116.884079,107.0,0,3471.0
373805000,1718476726,-13.559278,116.877884,108.0,0,3464.0
373805000,1718477799,-13.507277,116.865173,108.0,0,3465.0
373805000,1718477839,-13.505247,116.864685,107.0,0,3464.0
373805000,1718478360,-13.48017,116.858475,106.0,0,3466.0
373805000,1718478928,-13.452702,116.851639,107.0,0,3459.0
373805000,1718478966,-13.450873,116.851173,107.0,0,3466.0
373805000,1718479518,-13.424255,116.844589,107.0,0,3463.0
373805000,1718480069,-13.397845,116.837936,106.0,0,3461.0
373805000,1718480143,-13.394372,116.837067,106.0,0,3466.0
373805000,1718481889,-13.311222,116.816177,105.0,0,3475.0
373805000,1718481917,-13.309807,116.815842,104.0,0,3469.0
373805000,1718481995,-13.306125,116.814987,104.0,0,3471.0
373805000,1718482487,-13.283068,116.809448,103.0,0,3473.0
373805000,1718482547,-13.280257,116.808777,103.0,0,3474.0
373805000,1718482556,-13.279837,116.80867,103.0,0,3466.0
373805000,1718483257,-13.2473,116.80069,103.0,0,3460.0
373805000,1718483321,-13.24446,116.799973,102.0,0,3461.0
373805000,1718483659,-13.228763,116.796112,102.0,0,3467.0
373805000,1718483858,-13.219518,116.793816,102.0,0,3460.0
373805000,1718484158,-13.20568,116.79026,103.0,0,3460.0
373805000,1718484446,-13.192257,116.786926,102.0,0,3473.0
373805000,1718484881,-13.172203,116.782448,102.0,0,3482.0
373805000,1718485358,-13.149858,116.777344,103.0,0,3481.0
373805000,1718485797,-13.129308,116.772804,103.0,0,3471.0
373805000,1718485857,-13.126503,116.772163,103.0,0,3473.0
373805000,1718485977,-13.120932,116.770973,103.0,0,3481.0
373805000,1718486349,-13.103493,116.767174,103.0,0,3472.0
373805000,1718486408,-13.100665,116.766487,104.0,0,3463.0
373805000,1718486477,-13.097335,116.765671,103.0,0,3459.0
373805000,1718486629,-13.090278,116.764023,104.0,0,3467.0
373805000,1718487528,-13.047833,116.754135,104.0,0,3466.0
373805000,1718488073,-13.022205,116.74823,105.0,0,3472.0
373805000,1718488658,-12.994013,116.741524,107.0,0,3460.0
373805000,1718489908,-12.933565,116.725975,107.0,0,3449.0
373805000,1718489967,-12.930642,116.725204,107.0,0,3452.0
373805000,1718490437,-12.908112,116.719315,107.0,0,3450.0
373805000,1718490480,-12.906157,116.718788,107.0,0,3450.0
373805000,1718491539,-12.85503,116.706078,107.0,0,3469.0
373805000,1718491599,-12.852108,116.70536,108.0,0,3463.0
373805000,1718492127,-12.826277,116.698853,109.0,0,3453.0
373805000,1718492218,-12.821877,116.697708,109.0,0,3455.0
373805000,1718492729,-12.79674,116.691109,110.0,0,3454.0
373805000,1718492810,-12.792797,116.690071,110.0,0,3455.0
373805000,1718492969,-12.784885,116.687988,110.0,0,3457.0
373805000,1718493010,-12.7829,116.687492,110.0,0,3465.0
373805000,1718493220,-12.772533,116.684891,109.0,0,3460.0
373805000,1718493368,-12.76516,116.683006,109.0,0,3454.0
373805000,1718494407,-12.71405,116.670296,109.0,0,3459.0
373805000,1718494497,-12.70965,116.669136,109.0,0,3452.0
373805000,1718501188,-12.3863,116.593979,106.0,0,3458.0
373805000,1718501448,-12.37384,116.590851,106.0,0,3457.0
373805000,1718501753,-12.359498,116.586922,107.0,0,3456.0
373805000,1718502379,-12.329125,116.578911,107.0,0,3460.0
373805000,1718502914,-12.303737,116.572014,107.0,0,3451.0
373805000,1718504048,-12.248583,116.557106,108.0,0,3465.0
373805000,1718504427,-12.229875,116.552376,110.0,0,3463.0
373805000,1718504537,-12.224492,116.551155,110.0,0,3478.0
373805000,1718506686,-12.116553,116.525986,110.0,0,3456.0
373805000,1718507167,-12.092903,116.519753,109.0,0,3454.0
373805000,1718508227,-12.041145,116.507454,108.0,0,3463.0
373805000,1718508321,-12.036755,116.506424,108.0,0,3466.0
373805000,1718508801,-12.013155,116.500954,108.0,0,3472.0
373805000,1718510371,-11.936173,116.482269,108.0,0,3460.0
373805000,1718510826,-11.913832,116.476814,109.0,0,3471.0
373805000,1718512997,-11.805577,116.451294,112.0,0,3470.0
373805000,1718513290,-11.790947,116.448036,112.0,0,3464.0
373805000,1718514476,-11.73056,116.433235,113.0,0,3443.0
373805000,1718515164,-11.695382,116.423828,113.0,0,3456.0
373805000,1718515228,-11.692275,116.423012,113.0,0,3452.0
373805000,1718516260,-11.640098,116.409058,112.0,0,3448.0
373805000,1718516699,-11.617852,116.403351,111.0,0,3457.0
373805000,1718517797,-11.563018,116.389824,109.0,0,3484.0
373805000,1718520388,-11.433633,116.362091,112.0,0,3492.0
373805000,1718520939,-11.405278,116.356522,114.0,0,3484.0
373805000,1718521018,-11.401237,116.355721,114.0,0,3491.0
373805000,1718523016,-11.29692,116.332008,115.0,0,3459.0
373805000,1718523532,-11.270253,116.32547,115.0,0,3462.0
373805000,1718523642,-11.264445,116.324081,116.0,0,3473.0
373805000,1718526241,-11.126733,116.293793,117.0,0,3441.0
373805000,1718526770,-11.09906,116.285446,118.0,0,3386.0
373805000,1718529328,-10.966275,116.255005,113.0,0,3388.0
373805000,1718529916,-10.936872,116.245735,111.0,0,3446.0
373805000,1718529976,-10.933827,116.244934,111.0,0,3450.0
373805000,1718530444,-10.911212,116.238258,110.0,0,3447.0
373805000,1718530505,-10.908283,116.23745,109.0,0,3453.0
373805000,1718530877,-10.88983,116.232147,108.0,0,3450.0
373805000,1718531047,-10.881663,116.229881,108.0,0,3441.0
373805000,1718531578,-10.856175,116.222794,108.0,0,3448.0
373805000,1718532018,-10.83482,116.217171,107.0,0,3464.0
373805000,1718532607,-10.806242,116.210442,107.0,0,3474.0
373805000,1718532627,-10.80528,116.21022,107.0,0,3475.0
373805000,1718533087,-10.783007,116.204941,107.0,0,3462.0
373805000,1718535235,-10.679203,116.179932,107.0,0,3474.0
373805000,1718536278,-10.628465,116.167427,108.0,0,3471.0
373805000,1718536400,-10.622548,116.166039,109.0,0,3469.0
373805000,1718536746,-10.605335,116.161736,109.0,0,3463.0
373805000,1718536923,-10.596843,116.159737,109.0,0,3473.0
373805000,1718537190,-10.5836,116.156586,108.0,0,3468.0
373805000,1718537880,-10.549843,116.148506,107.0,0,3467.0
373805000,1718538011,-10.54361,116.146904,107.0,0,3457.0
373805000,1718540582,-10.418577,116.118248,107.0,0,3470.0
373805000,1718545048,-10.208777,116.063087,101.0,0,3449.0
373805000,1718545319,-10.196467,116.059769,102.0,0,3453.0
373805000,1718546399,-10.146828,116.045898,102.0,0,3443.0
373805000,1718547446,-10.09861,116.034241,101.0,0,3469.0
373805000,1718548020,-10.072695,116.028191,100.0,0,3472.0
373805000,1718548540,-10.048827,116.022545,101.0,0,3460.0
373805000,1718549098,-10.023122,116.016296,102.0,0,3468.0
373805000,1718549698,-9.995772,116.009674,101.0,0,3464.0
373805000,1718550769,-9.946735,115.996941,102.0,0,3458.0
373805000,1718553170,-9.83609,115.969284,104.0,0,3454.0
373805000,1718553229,-9.833265,115.968559,105.0,0,3458.0
373805000,1718553675,-9.811823,115.963966,105.0,0,3497.0
373805000,1718554375,-9.778525,115.958611,102.0,0,3494.0
373805000,1718554865,-9.755725,115.954727,101.0,0,3516.0
373805000,1718555105,-9.744462,115.953041,101.0,0,3517.0
373805000,1718555435,-9.728985,115.950645,102.0,0,3504.0
373805000,1718555529,-9.725213,115.950073,103.0,0,3512.0
373805000,1718555685,-9.717173,115.94899,103.0,0,3527.0
373805000,1718555705,-9.716183,115.948845,103.0,0,3528.0
373805000,1718555755,-9.713858,115.94854,103.0,0,3528.0
373805000,1718555998,-9.702423,115.947014,102.0,0,3513.0
373805000,1718556021,-9.70152,115.946877,102.0,0,3517.0
373805000,1718556056,-9.699588,115.946602,103.0,0,3521.0
373805000,1718556305,-9.687903,115.944855,101.0,0,3495.0
373805000,1718556345,-9.686072,115.944489,101.0,0,3471.0
373805000,1718556504,-9.67883,115.942734,101.0,0,3464.0
373805000,1718556694,-9.67016,115.940628,101.0,0,3461.0
373805000,1718556744,-9.667918,115.940109,101.0,0,3465.0
373805000,1718556845,-9.663325,115.938988,100.0,0,3448.0
373805000,1718556915,-9.660202,115.938118,100.0,0,3438.0
373805000,1718557064,-9.65347,115.93618,100.0,0,3446.0
373805000,1718557084,-9.652617,115.935944,100.0,0,3445.0
373805000,1718557526,-9.633095,115.930237,99.0,0,3430.0
373805000,1718557584,-9.630443,115.929466,99.0,0,3439.0
373805000,1718558046,-9.60996,115.923531,100.0,0,3443.0
373805000,1718558064,-9.609155,115.923317,100.0,0,3443.0
373805000,1718558445,-9.592292,115.918312,99.0,0,3431.0
373805000,1718558484,-9.590562,115.917793,99.0,0,3434.0
373805000,1718558668,-9.5825,115.915558,100.0,0,3445.0
373805000,1718558685,-9.581565,115.915283,100.0,0,3441.0
373805000,1718558705,-9.580723,115.915039,100.0,0,3439.0
373805000,1718558756,-9.57845,115.914383,100.0,0,3441.0
373805000,1718558784,-9.5772,115.914017,100.0,0,3443.0
373805000,1718558805,-9.576223,115.913734,100.0,0,3441.0
373805000,1718558844,-9.574492,115.913231,100.0,0,3440.0
373805000,1718558865,-9.573598,115.912979,100.0,0,3439.0
373805000,1718559125,-9.561933,115.909698,100.0,0,3452.0
373805000,1718559135,-9.561483,115.909576,100.0,0,3449.0
373805000,1718559224,-9.557568,115.90847,99.0,0,3439.0
373805000,1718559284,-9.554843,115.907707,100.0,0,3441.0
373805000,1718559376,-9.55082,115.906509,99.0,0,3432.0
373805000,1718559415,-9.549045,115.905991,99.0,0,3439.0
373805000,1718559444,-9.547767,115.905609,99.0,0,3440.0
373805000,1718559465,-9.546822,115.90535,99.0,0,3444.0
373805000,1718559475,-9.546417,115.905243,100.0,0,3445.0
373805000,1718559496,-9.545488,115.904999,99.0,0,3442.0
373805000,1718559674,-9.537585,115.902771,99.0,0,3438.0
373805000,1718559724,-9.535317,115.9021,100.0,0,3433.0
373805000,1718559734,-9.534868,115.901962,99.0,0,3433.0
373805000,1718559746,-9.534427,115.901833,99.0,0,3431.0
373805000,1718559865,-9.529065,115.900307,100.0,0,3453.0
373805000,1718559885,-9.528137,115.900085,100.0,0,3462.0
373805000,1718560005,-9.522683,115.898796,100.0,0,3463.0
373805000,1718560105,-9.518207,115.897675,100.0,0,3455.0
373805000,1718560135,-9.516862,115.897324,100.0,0,3452.0
373805000,1718560245,-9.511918,115.896072,99.0,0,3457.0
373805000,1718560385,-9.505578,115.894547,100.0,0,3463.0
373805000,1718560595,-9.496058,115.89225,100.0,0,3461.0
373805000,1718560606,-9.49565,115.892159,100.0,0,3463.0
373805000,1718560615,-9.495105,115.892014,100.0,0,3457.0
373805000,1718560645,-9.493743,115.891685,101.0,0,3460.0
373805000,1718560686,-9.491937,115.891212,100.0,0,3462.0
373805000,1718560765,-9.488353,115.890282,101.0,0,3460.0
373805000,1718560775,-9.487847,115.890152,101.0,0,3461.0
373805000,1718560824,-9.485617,115.889626,101.0,0,3466.0
373805000,1718560844,-9.484707,115.889412,101.0,0,3467.0
373805000,1718560925,-9.480995,115.888519,101.0,0,3462.0
373805000,1718560985,-9.478287,115.88781,101.0,0,3451.0
373805000,1718561134,-9.471523,115.886009,101.0,0,3452.0
373805000,1718561174,-9.470113,115.885674,101.0,0,3459.0
373805000,1718561225,-9.467365,115.884995,101.0,0,3458.0
373805000,1718561292,-9.464647,115.884293,100.0,0,3448.0
373805000,1718561294,-9.464235,115.884193,101.0,0,3460.0
373805000,1718561374,-9.460643,115.883224,100.0,0,3450.0
373805000,1718561385,-9.460152,115.88308,100.0,0,3444.0
373805000,1718561425,-9.458355,115.882591,100.0,0,3446.0
373805000,1718561435,-9.4579,115.882477,101.0,0,3450.0
373805000,1718561495,-9.455245,115.881775,100.0,0,3458.0
373805000,1718561505,-9.4548,115.881653,100.0,0,3450.0
373805000,1718561555,-9.452505,115.881088,100.0,0,3463.0
373805000,1718561636,-9.448912,115.88018,100.0,0,3462.0
373805000,1718561764,-9.443147,115.878677,100.0,0,3448.0
373805000,1718561774,-9.442702,115.878548,100.0,0,3446.0
373805000,1718562034,-9.431023,115.875351,100.0,0,3454.0
373805000,1718562134,-9.426585,115.874153,99.0,0,3449.0
373805000,1718562318,-9.418555,115.872017,98.0,0,3450.0
373805000,1718562394,-9.415093,115.871124,99.0,0,3448.0
373805000,1718562431,-9.413732,115.870758,98.0,0,3449.0
373805000,1718562596,-9.40619,115.868614,99.0,0,3449.0
373805000,1718562636,-9.40442,115.868141,99.0,0,3456.0
373805000,1718562778,-9.39817,115.8666,99.0,0,3462.0
373805000,1718562824,-9.395978,115.866035,99.0,0,3460.0
373805000,1718562836,-9.39549,115.865906,99.0,0,3460.0
373805000,1718562876,-9.393667,115.86544,98.0,0,3459.0
373805000,1718562926,-9.391482,115.864883,99.0,0,3460.0
373805000,1718562956,-9.390137,115.864555,99.0,0,3459.0
373805000,1718563086,-9.384318,115.863152,99.0,0,3466.0
373805000,1718563106,-9.383417,115.862946,99.0,0,3468.0
373805000,1718563125,-9.382512,115.862732,99.0,0,3468.0
373805000,1718563185,-9.379813,115.862076,99.0,0,3459.0
373805000,1718563206,-9.37892,115.861855,99.0,0,3464.0
373805000,1718563315,-9.374057,115.860573,99.0,0,3447.0
373805000,1718563326,-9.373572,115.860443,99.0,0,3446.0
373805000,1718563365,-9.3718,115.85994,98.0,0,3440.0
373805000,1718563375,-9.371358,115.859833,99.0,0,3451.0
373805000,1718563446,-9.36828,115.858986,98.0,0,3445.0
373805000,1718563504,-9.365648,115.85833,98.0,0,3459.0
373805000,1718563515,-9.365152,115.858215,99.0,0,3463.0
373805000,1718563635,-9.359835,115.856911,98.0,0,3464.0
373805000,1718563644,-9.359437,115.856812,98.0,0,3458.0
373805000,1718563665,-9.358557,115.85659,98.0,0,3459.0
373805000,1718563684,-9.357677,115.856369,98.0,0,3460.0
373805000,1718563785,-9.353205,115.855232,98.0,0,3462.0
373805000,1718563794,-9.352808,115.855125,98.0,0,3463.0
373805000,1718563905,-9.3479,115.853973,98.0,0,3472.0
373805000,1718563945,-9.346088,115.853539,98.0,0,3471.0
373805000,1718563954,-9.345687,115.853447,98.0,0,3469.0
373805000,1718563995,-9.343897,115.853027,98.0,0,3462.0
373805000,1718564025,-9.342573,115.852707,98.0,0,3457.0
373805000,1718564035,-9.342135,115.8526,98.0,0,3463.0
373805000,1718564125,-9.338193,115.85154,98.0,0,3454.0
373805000,1718564185,-9.335528,115.850891,98.0,0,3465.0
373805000,1718564194,-9.33513,115.850784,98.0,0,3461.0
373805000,1718564224,-9.333793,115.850479,98.0,0,3471.0
373805000,1718564305,-9.330163,115.849663,98.0,0,3475.0
373805000,1718564355,-9.327927,115.849136,98.0,0,3466.0
373805000,1718564364,-9.327477,115.849022,98.0,0,3464.0
373805000,1718564479,-9.322592,115.847771,98.0,0,3458.0
373805000,1718564505,-9.321265,115.847458,98.0,0,3465.0
373805000,1718564564,-9.318603,115.846848,98.0,0,3478.0
373805000,1718564585,-9.317713,115.846649,98.0,0,3477.0
373805000,1718564615,-9.316377,115.846367,98.0,0,3478.0
373805000,1718564655,-9.314592,115.845993,98.0,0,3484.0
373805000,1718564670,-9.314192,115.845909,98.0,0,3481.0
373805000,1718564675,-9.313703,115.84581,98.0,0,3482.0
373805000,1718564724,-9.311488,115.845322,98.0,0,3480.0
373805000,1718564744,-9.310595,115.845131,98.0,0,3479.0
373805000,1718564765,-9.309653,115.844925,98.0,0,3477.0
373805000,1718564904,-9.303453,115.843613,97.0,0,3482.0
373805000,1718564964,-9.30083,115.843063,98.0,0,3480.0
373805000,1718565005,-9.298967,115.842651,97.0,0,3477.0
373805000,1718565015,-9.298523,115.842545,98.0,0,3474.0
373805000,1718565024,-9.298127,115.842461,97.0,0,3474.0
373805000,1718565264,-9.287542,115.840111,98.0,0,3477.0
373805000,1718565354,-9.283508,115.839226,98.0,0,3485.0
373805000,1718565414,-9.280905,115.838638,97.0,0,3470.0
373805000,1718565625,-9.271503,115.836525,98.0,0,3480.0
373805000,1718565655,-9.270212,115.836258,97.0,0,3483.0
373805000,1718565755,-9.265732,115.835274,97.0,0,3477.0
373805000,1718565765,-9.265287,115.835175,98.0,0,3478.0
373805000,1718565805,-9.263565,115.834793,97.0,0,3480.0
373805000,1718566054,-9.252523,115.832245,97.0,0,3463.0
373805000,1718566084,-9.25125,115.831947,97.0,0,3463.0
373805000,1718566125,-9.249405,115.831467,97.0,0,3460.0
373805000,1718566144,-9.248612,115.831284,97.0,0,3462.0
373805000,1718566164,-9.247688,115.831055,97.0,0,3459.0
373805000,1718566185,-9.246807,115.830833,97.0,0,3461.0
373805000,1718566254,-9.243748,115.830093,97.0,0,3470.0
373805000,1718566484,-9.23378,115.827606,96.0,0,3458.0
373805000,1718566594,-9.22898,115.826462,96.0,0,3466.0
373805000,1718566635,-9.227245,115.826065,95.0,0,3470.0
373805000,1718566645,-9.226812,115.825958,96.0,0,3467.0
373805000,1718566654,-9.226383,115.825859,95.0,0,3472.0
373805000,1718566784,-9.220825,115.824554,95.0,0,3474.0
373805000,1718566815,-9.219445,115.824234,94.0,0,3472.0
373805000,1718566844,-9.218207,115.823952,94.0,0,3473.0
373805000,1718566935,-9.214375,115.823082,94.0,0,3473.0
373805000,1718567165,-9.204745,115.820671,92.0,0,3452.0
373805000,1718567184,-9.203953,115.820457,92.0,0,3453.0
373805000,1718567414,-9.19444,115.818016,91.0,0,3455.0
373805000,1718567504,-9.190787,115.817078,91.0,0,3456.0
373805000,1718567534,-9.189555,115.816765,91.0,0,3461.0
373805000,1718567564,-9.188287,115.816444,91.0,0,3458.0
373805000,1718567594,-9.1871,115.816139,91.0,0,3459.0
373805000,1718567624,-9.18587,115.815819,91.0,0,3456.0
373805000,1718567664,-9.184237,115.815392,91.0,0,3455.0
373805000,1718567724,-9.18175,115.814735,90.0,0,3446.0
373805000,1718567744,-9.18097,115.814537,90.0,0,3453.0
373805000,1718567784,-9.179325,115.814117,91.0,0,3457.0
373805000,1718567864,-9.176025,115.813278,90.0,0,3455.0
373805000,1718567874,-9.175622,115.813179,90.0,0,3460.0
373805000,1718567885,-9.175177,115.813065,90.0,0,3456.0
373805000,1718567895,-9.174757,115.812965,91.0,0,3457.0
373805000,1718567924,-9.173622,115.812675,90.0,0,3455.0
373805000,1718567966,-9.171925,115.812225,90.0,0,3458.0
373805000,1718568005,-9.170328,115.811821,90.0,0,3454.0
373805000,1718568026,-9.169477,115.8116,90.0,0,3454.0
373805000,1718568059,-9.168293,115.811295,90.0,0,3450.0
373805000,1718568075,-9.167443,115.811073,90.0,0,3448.0
373805000,1718568105,-9.166263,115.81076,90.0,0,3451.0
373805000,1718568284,-9.159028,115.808769,91.0,0,3451.0
373805000,1718568344,-9.156532,115.808121,91.0,0,3456.0
373805000,1718568415,-9.153683,115.807358,90.0,0,3450.0
373805000,1718568575,-9.147167,115.805679,91.0,0,3453.0
373805000,1718568746,-9.140245,115.803749,90.0,0,3442.0
373805000,1718568784,-9.138657,115.803291,90.0,0,3443.0
373805000,1718568814,-9.137433,115.802956,91.0,0,3446.0
373805000,1718568824,-9.137033,115.802841,90.0,0,3442.0
373805000,1718568944,-9.132142,115.801514,90.0,0,3446.0
373805000,1718569054,-9.127753,115.800301,90.0,0,3439.0
373805000,1718569136,-9.124448,115.799416,91.0,0,3452.0
373805000,1718569155,-9.123623,115.799194,90.0,0,3453.0
373805000,1718569365,-9.11503,115.797028,90.0,0,3456.0
373805000,1718569485,-9.110105,115.795784,91.0,0,3455.0
373805000,1718569614,-9.104813,115.794525,90.0,0,3468.0
373805000,1718569625,-9.104362,115.794426,90.0,0,3467.0
373805000,1718569745,-9.099427,115.793297,91.0,0,3470.0
373805000,1718569775,-9.098185,115.793022,91.0,0,3475.0
373805000,1718569955,-9.09076,115.791344,90.0,0,3476.0
373805000,1718570044,-9.087138,115.790558,90.0,0,3478.0
373805000,1718570164,-9.082175,115.789429,90.0,0,3469.0
373805000,1718570285,-9.077228,115.788261,90.0,0,3470.0
373805000,1718570315,-9.076043,115.787987,90.0,0,3465.0
373805000,1718570366,-9.07395,115.787514,90.0,0,3474.0
373805000,1718570426,-9.071547,115.786957,90.0,0,3468.0
373805000,1718570435,-9.071107,115.78685,89.0,0,3472.0
373805000,1718570444,-9.070743,115.786766,90.0,0,3468.0
373805000,1718570606,-9.064227,115.78521,89.0,0,3469.0
373805000,1718570624,-9.063458,115.785042,89.0,0,3472.0
373805000,1718570858,-9.054163,115.782928,89.0,0,3461.0
373805000,1718571005,-9.048215,115.78141,88.0,0,3452.0
373805000,1718571145,-9.042542,115.779961,89.0,0,3446.0
373805000,1718571266,-9.03771,115.778709,89.0,0,3462.0
373805000,1718571394,-9.032533,115.777512,89.0,0,3469.0
373805000,1718571465,-9.029693,115.776817,89.0,0,3462.0
373805000,1718571485,-9.028837,115.776611,89.0,0,3462.0
373805000,1718571505,-9.028022,115.776421,89.0,0,3465.0
373805000,1718571595,-9.02438,115.775574,89.0,0,3466.0
373805000,1718571615,-9.023612,115.775406,89.0,0,3466.0
373805000,1718571865,-9.013472,115.772942,90.0,0,3450.0
373805000,1718571887,-9.012663,115.772736,90.0,0,3455.0
373805000,1718571925,-9.011082,115.772316,90.0,0,3454.0
373805000,1718572225,-8.998887,115.769165,91.0,0,3444.0
373805000,1718572486,-8.988195,115.76638,92.0,0,3451.0
373805000,1718572765,-8.976502,115.76326,93.0,0,3460.0
373805000,1718573000,-8.966877,115.760918,94.0,0,3449.0
373805000,1718573046,-8.964668,115.760361,94.0,0,3457.0
373805000,1718573155,-8.959997,115.759171,94.0,0,3455.0
373805000,1718573286,-8.95447,115.757805,95.0,0,3472.0
373805000,1718573484,-8.945857,115.755707,95.0,0,3473.0
373805000,1718573591,-8.941507,115.754875,96.0,0,3491.0
373805000,1718574275,-8.91091,115.751869,97.0,0,3592.0
373805000,1718575848,-8.838668,115.751381,101.0,0,3599.0
373805000,1718575909,-8.835788,115.751358,101.0,0,3589.0
373805000,1718575948,-8.833958,115.751335,101.0,0,3583.0
373805000,1718576884,-8.789102,115.750725,104.0,0,1.0
373805000,1718576906,-8.788137,115.750717,104.0,0,5.0
373805000,1718577065,-8.780378,115.750679,104.0,0,3585.0
373805000,1718577125,-8.777485,115.75061,104.0,0,3584.0
373805000,1718577775,-8.746427,115.754028,105.0,0,186.0
373805000,1718577784,-8.746018,115.754173,104.0,0,189.0
373805000,1718577874,-8.741833,115.755486,104.0,0,168.0
373805000,1718578135,-8.729935,115.759842,104.0,0,199.0
373805000,1718578144,-8.729522,115.759987,105.0,0,199.0
373805000,1718578185,-8.727692,115.760666,104.0,0,203.0
373805000,1718578215,-8.726287,115.761185,104.0,0,202.0
373805000,1718578254,-8.724567,115.761848,104.0,0,206.0
373805000,1718578426,-8.716738,115.764763,105.0,0,199.0
373805000,1718578444,-8.715878,115.765068,105.0,0,199.0
373805000,1718578546,-8.711287,115.766769,104.0,0,206.0
373805000,1718578606,-8.708575,115.767845,104.0,0,217.0
373805000,1718578624,-8.707723,115.768204,104.0,0,218.0
373805000,1718578765,-8.701345,115.770538,104.0,0,191.0
373805000,1718578794,-8.700027,115.770996,104.0,0,190.0
373805000,1718578925,-8.69401,115.773087,105.0,0,184.0
373805000,1718579084,-8.686635,115.775581,104.0,0,189.0
373805000,1718579144,-8.683887,115.776512,105.0,0,180.0
373805000,1718579234,-8.67972,115.77787,105.0,0,174.0
373805000,1718579325,-8.675525,115.779358,105.0,0,202.0
373805000,1718579347,-8.674563,115.779716,105.0,0,206.0
373805000,1718579387,-8.672757,115.780426,106.0,0,210.0
373805000,1718579424,-8.670928,115.781136,106.0,0,204.0
373805000,1718579584,-8.663465,115.783546,106.0,0,177.0
373805000,1718579595,-8.662948,115.78373,106.0,0,180.0
373805000,1718579735,-8.65645,115.785919,106.0,0,188.0
373805000,1718579764,-8.655098,115.786392,106.0,0,194.0
373805000,1718579985,-8.644778,115.790237,106.0,0,197.0
373805000,1718580115,-8.63873,115.792442,106.0,0,200.0
373805000,1718580385,-8.626358,115.797142,107.0,0,205.0
373805000,1718580524,-8.619805,115.799553,107.0,0,194.0
373805000,1718580685,-8.61226,115.802277,108.0,0,199.0
373805000,1718580704,-8.611327,115.80262,108.0,0,200.0
373805000,1718581085,-8.593568,115.809357,108.0,0,208.0
373805000,1718581114,-8.5922,115.809883,108.0,0,209.0
373805000,1718581154,-8.590273,115.810638,108.0,0,210.0
373805000,1718581504,-8.573853,115.817039,108.0,0,207.0
373805000,1718587301,-8.313053,115.915649,105.0,0,170.0
373805000,1718588443,-8.258898,115.932426,107.0,0,192.0
373805000,1718589587,-8.20489,115.95211,109.0,0,203.0
373805000,1718602187,-7.656987,116.258957,108.0,0,292.0
373805000,1718617079,-6.968277,116.539215,107.0,0,127.0
373805000,1718622894,-6.683143,116.61763,111.0,0,162.0
373805000,1718637076,-5.981668,116.842499,112.0,0,166.0
373805000,1718642315,-5.750873,116.965408,104.0,0,316.0
373805000,1718642878,-5.727903,116.979988,104.0,0,324.0
373805000,1718661189,-5.012828,117.441231,102.0,0,341.0
373805000,1718661249,-5.010438,117.442856,103.0,0,339.0
373805000,1718664512,-4.88203,117.53019,103.0,0,335.0
373805000,1718666219,-4.812872,117.576096,106.0,0,336.0
373805000,1718668227,-4.72948,117.631462,108.0,0,335.0
373805000,1718685917,-3.985857,118.136597,108.0,0,332.0
373805000,1718709915,-2.953982,118.545845,95.0,0,3572.0
373805000,1718717644,-2.589188,118.540375,108.0,0,3591.0
373805000,1718717645,-2.589188,118.540375,108.0,0,3591.0
373805000,1718717694,-2.58669,118.540367,108.0,0,8.0
373805000,1718717764,-2.583175,118.540375,108.0,0,3593.0
373805000,1718728916,-2.010573,118.596619,112.0,0,109.0
373805000,1718737421,-1.562803,118.688477,117.0,0,118.0
373805000,1718746488,-1.084547,118.786705,119.0,0,106.0
373805000,1718746508,-1.083485,118.786903,119.0,0,105.0
373805000,1718746589,-1.079013,118.78772,119.0,0,104.0
373805000,1718758207,-0.474382,118.899422,105.0,0,140.0
373805000,1718802044,1.594283,119.455933,105.0,0,47.0
373805000,1718802064,1.59526,119.456009,105.0,0,45.0
373805000,1718814537,2.20373,119.493057,104.0,0,21.0
373805000,1718831688,3.006538,119.533844,102.0,0,20.0
373805000,1718884628,5.808607,119.824989,122.0,0,145.0
373805000,1718886259,5.897825,119.848373,123.0,0,169.0
373805000,1718891764,6.192472,119.929924,115.0,0,186.0
373805000,1718892110,6.209892,119.934792,114.0,0,153.0
373805000,1718900563,6.644863,120.033081,114.0,0,141.0
373805000,1718976103,10.812182,120.421738,119.0,0,90.0
373805000,1719210245,23.392588,119.043076,101.0,0,3192.0
