432981000,1718159370,32.357567,124.572929,129.0,0,1750.0
432981000,1718202805,29.803833,124.631981,125.0,0,1820.0
432981000,1718209750,29.421633,124.675697,124.0,0,2020.0
432981000,1718211219,29.35,124.624603,126.0,0,2260.0
432981000,1718265046,26.372667,125.270302,120.0,0,1660.0
432981000,1718265146,26.367201,125.271751,121.0,0,1670.0
432981000,1718265166,26.366182,125.272018,120.0,0,1660.0
432981000,1718265177,26.365583,125.272163,119.0,0,1680.0
432981000,1718265187,26.365032,125.272316,121.0,0,1660.0
432981000,1718265206,26.363951,125.272614,120.0,0,1660.0
432981000,1718265307,26.358467,125.274071,121.0,0,1660.0
432981000,1718265316,26.358032,125.27417,121.0,0,1660.0
432981000,1718265327,26.35745,125.27433,121.0,0,1670.0
432981000,1718265979,26.322582,125.28717,124.0,0,1590.0
432981000,1718271157,26.040701,125.391182,124.0,0,1640.0
432981000,1718271177,26.039534,125.391533,123.0,0,1640.0
432981000,1718271187,26.039101,125.39167,123.0,0,1640.0
432981000,1718271195,26.038549,125.39183,124.0,0,1640.0
432981000,1718271209,26.037933,125.392014,123.0,0,1630.0
432981000,1718271216,26.037382,125.392181,123.0,0,1630.0
432981000,1718271237,26.036266,125.392517,123.0,0,1650.0
432981000,1718271245,26.035816,125.392632,123.0,0,1650.0
432981000,1718271266,26.034599,125.392998,124.0,0,1650.0
432981000,1718271277,26.03405,125.393166,124.0,0,1650.0
432981000,1718271326,26.031233,125.393982,124.0,0,1650.0
432981000,1718271346,26.030184,125.394264,123.0,0,1660.0
432981000,1718271365,26.029083,125.394585,124.0,0,1650.0
432981000,1718271386,26.027901,125.39492,124.0,0,1660.0
432981000,1718271466,26.0235,125.396164,123.0,0,1650.0
432981000,1718276962,25.718651,125.490318,121.0,0,1650.0
432981000,1718276972,25.718149,125.490448,122.0,0,1650.0
432981000,1718277001,25.716583,125.490936,120.0,0,1650.0
432981000,1718278262,25.647617,125.510696,122.0,0,1660.0
432981000,1718280031,25.550484,125.544586,124.0,0,1610.0
432981000,1718280061,25.548834,125.545197,124.0,0,1610.0
432981000,1718280071,25.548283,125.545403,125.0,0,1600.0
432981000,1718280072,25.548283,125.545403,125.0,0,1600.0
432981000,1718280091,25.547234,125.545784,124.0,0,1610.0
432981000,1718281333,25.478968,125.573166,128.0,0,1590.0
432981000,1718284173,25.322018,125.636497,127.0,0,1600.0
432981000,1718284203,25.320284,125.637199,127.0,0,1600.0
432981000,1718284802,25.286783,125.65052,128.0,0,1600.0
432981000,1718284903,25.281099,125.652748,128.0,0,1580.0
432981000,1718285042,25.2733,125.655884,128.0,0,1590.0
432981000,1718285062,25.272133,125.656364,127.0,0,1590.0
432981000,1718285392,25.25375,125.663719,128.0,0,1590.0
432981000,1718285402,25.253201,125.663933,123.0,0,1580.0
432981000,1718285421,25.252083,125.664383,127.0,0,1600.0
432981000,1718285432,25.251534,125.664619,128.0,0,1600.0
432981000,1718286202,25.208733,125.681236,126.0,0,1610.0
432981000,1718296775,24.62295,125.790497,123.0,0,1750.0
432981000,1718319003,23.376734,125.900551,127.0,0,1750.0
432981000,1718323924,23.090866,125.937347,127.0,0,1700.0
432981000,1718327262,22.900034,125.959167,129.0,0,1770.0
432981000,1718330807,22.678568,125.96093,120.0,0,1810.0
432981000,1718339434,22.208967,126.001434,116.0,0,1720.0
432981000,1718361487,20.975616,126.099083,121.0,0,1770.0
432981000,1718369612,20.5208,126.131821,121.0,0,1730.0
432981000,1718369633,20.519567,126.13195,120.0,0,1730.0
432981000,1718369672,20.517384,126.132164,121.0,0,1740.0
432981000,1718369693,20.516268,126.132301,122.0,0,1730.0
432981000,1718382131,19.816334,126.196617,123.0,0,1770.0
432981000,1718382626,19.7878,126.19812,123.0,0,1760.0
432981000,1718384388,19.686934,126.204597,124.0,0,1760.0
432981000,1718384933,19.654984,126.207199,127.0,0,1750.0
432981000,1718389579,19.383118,126.228584,128.0,0,1750.0
432981000,1718390066,19.353783,126.231735,130.0,0,1750.0
432981000,1718398549,18.833282,126.272865,146.0,0,1610.0
432981000,1718398587,18.830799,126.273003,134.0,0,1760.0
432981000,1718399150,18.795601,126.275818,133.0,0,1760.0
432981000,1718399151,18.795601,126.275818,133.0,0,1760.0
432981000,1718404421,18.470133,126.30088,133.0,0,1760.0
432981000,1718405454,18.405817,126.305748,134.0,0,1740.0
432981000,1718410660,18.078951,126.329834,137.0,0,1760.0
432981000,1718411428,18.030251,126.333435,137.0,0,1750.0
432981000,1718411436,18.029682,126.333481,137.0,0,1760.0
432981000,1718411447,18.028982,126.333534,137.0,0,1760.0
432981000,1718411448,18.028982,126.333534,137.0,0,1760.0
432981000,1718411457,18.0284,126.333565,137.0,0,1760.0
432981000,1718411476,18.027134,126.333664,137.0,0,1760.0
432981000,1718411488,18.026501,126.333702,137.0,0,1750.0
432981000,1718411517,18.024517,126.333832,137.0,0,1760.0
432981000,1718411528,18.023884,126.33387,137.0,0,1770.0
432981000,1718411548,18.022617,126.333946,137.0,0,1770.0
432981000,1718411552,18.022301,126.333969,137.0,0,1750.0
432981000,1718411553,18.022301,126.333969,137.0,0,1750.0
432981000,1718411566,18.021467,126.33403,137.0,0,1750.0
432981000,1718411567,18.021351,126.334053,136.0,0,1750.0
432981000,1718411568,18.021351,126.334053,136.0,0,1750.0
432981000,1718411571,18.021099,126.334068,138.0,0,1780.0
432981000,1718411572,18.021099,126.334068,138.0,0,1780.0
432981000,1718412278,17.976334,126.33725,138.0,0,1770.0
432981000,1718417517,17.639799,126.366615,136.0,0,1740.0
432981000,1718419724,17.501667,126.3806,135.0,0,1730.0
432981000,1718424236,17.219433,126.407967,134.0,0,1750.0
432981000,1718432235,16.73465,126.438332,131.0,0,1740.0
432981000,1718439103,16.335751,126.475815,124.0,0,1760.0
432981000,1718439604,16.3069,126.476601,123.0,0,1770.0
432981000,1718440897,16.233101,126.480583,123.0,0,1770.0
432981000,1718452927,15.5554,126.538017,120.0,0,1740.0
432981000,1718453259,15.53695,126.539536,120.0,0,1760.0
432981000,1718453892,15.501317,126.542603,120.0,0,1730.0
432981000,1718453922,15.49965,126.54277,120.0,0,1750.0
432981000,1718453973,15.496817,126.54303,120.0,0,1740.0
432981000,1718454002,15.495183,126.543198,120.0,0,1740.0
432981000,1718454012,15.494617,126.543251,120.0,0,1730.0
432981000,1718454397,15.473317,126.545265,121.0,0,1730.0
432981000,1718456083,15.377583,126.555267,122.0,0,1740.0
432981000,1718456195,15.3713,126.555717,122.0,0,1750.0
432981000,1718457174,15.31585,126.559914,122.0,0,1750.0
432981000,1718460313,15.137667,126.572235,120.0,0,1770.0
432981000,1718460691,15.116917,126.573318,121.0,0,1760.0
432981000,1718460875,15.106283,126.573868,121.0,0,1770.0
432981000,1718461224,15.086533,126.574631,120.0,0,1780.0
432981000,1718461896,15.04895,126.575813,121.0,0,1780.0
432981000,1718462436,15.018433,126.576469,122.0,0,1790.0
432981000,1718463484,14.958783,126.578751,122.0,0,1750.0
432981000,1718464624,14.893767,126.584099,123.0,0,1740.0
432981000,1718467647,14.7196,126.597702,124.0,0,1740.0
432981000,1718468100,14.693517,126.599266,124.0,0,1770.0
432981000,1718468590,14.66535,126.600998,124.0,0,1760.0
432981000,1718468661,14.661333,126.601219,123.0,0,1760.0
432981000,1718468785,14.653817,126.601616,124.0,0,1770.0
432981000,1718469278,14.625483,126.603119,125.0,0,1780.0
432981000,1718470468,14.55625,126.608566,125.0,0,1730.0
432981000,1718475176,14.2803,126.63517,128.0,0,1730.0
432981000,1718477730,14.127383,126.649902,131.0,0,1750.0
432981000,1718483097,13.802933,126.67588,131.0,0,1730.0
432981000,1718483761,13.7627,126.680115,132.0,0,1740.0
432981000,1718485117,13.680333,126.688881,130.0,0,1750.0
432981000,1718485731,13.6435,126.692917,132.0,0,1730.0
432981000,1718490050,13.3806,126.720863,130.0,0,1780.0
432981000,1718490386,13.359883,126.721581,131.0,0,1770.0
432981000,1718490557,13.3495,126.722,132.0,0,1780.0
432981000,1718490875,13.329867,126.722771,135.0,0,1750.0
432981000,1718491097,13.31635,126.723335,132.0,0,1760.0
432981000,1718491407,13.297083,126.724335,132.0,0,1770.0
432981000,1718493658,13.159783,126.731171,129.0,0,1740.0
432981000,1718495436,13.052217,126.736282,128.0,0,1770.0
432981000,1718496228,13.005033,126.738083,129.0,0,1780.0
432981000,1718496666,12.978583,126.73893,129.0,0,1780.0
432981000,1718497086,12.953283,126.7397,130.0,0,1790.0
432981000,1718497209,12.945933,126.739883,129.0,0,1770.0
432981000,1718498379,12.875067,126.741966,133.0,0,1770.0
432981000,1718503577,12.561267,126.763481,129.0,0,1740.0
432981000,1718510287,12.159283,126.80545,126.0,0,1740.0
432981000,1718510737,12.132767,126.808266,127.0,0,1760.0
432981000,1718511408,12.09285,126.810715,123.0,0,1770.0
432981000,1718513727,11.9556,126.81955,126.0,0,1740.0
432981000,1718518276,11.6813,126.842583,134.0,0,1740.0
432981000,1718519005,11.6356,126.846298,135.0,0,1750.0
432981000,1718525156,11.283267,126.869835,115.0,0,1710.0
432981000,1718525896,11.243617,126.874229,117.0,0,1750.0
432981000,1718526258,11.22415,126.876266,116.0,0,1720.0
432981000,1718533569,10.835933,126.911102,113.0,0,1760.0
432981000,1718539368,10.530017,126.921631,113.0,0,1750.0
432981000,1718539488,10.523767,126.922066,113.0,0,1730.0
432981000,1718539925,10.500867,126.9245,112.0,0,1700.0
432981000,1718540377,10.477533,126.928001,113.0,0,1710.0
432981000,1718540415,10.47545,126.928299,112.0,0,1710.0
432981000,1718540919,10.44925,126.930916,113.0,0,1770.0
432981000,1718541146,10.437267,126.931366,114.0,0,1760.0
432981000,1718543147,10.331283,126.935516,113.0,0,1790.0
432981000,1718546406,10.158933,126.952118,114.0,0,1720.0
432981000,1718547330,10.1095,126.958366,117.0,0,1720.0
432981000,1718547809,10.083467,126.961853,117.0,0,1720.0
432981000,1718548316,10.055833,126.965797,117.0,0,1720.0
432981000,1718548925,10.02275,126.970467,117.0,0,1720.0
432981000,1718549457,9.994017,126.974266,115.0,0,1720.0
432981000,1718550535,9.93525,126.980003,119.0,0,1750.0
432981000,1718553599,9.765717,126.991867,119.0,0,1710.0
432981000,1718553797,9.75475,126.992996,118.0,0,1730.0
432981000,1718554070,9.739967,126.994637,117.0,0,1740.0
432981000,1718554605,9.710533,126.997833,117.0,0,1720.0
432981000,1718555785,9.64685,127.002136,115.0,0,1830.0
432981000,1718556269,9.621083,127.001717,115.0,0,1840.0
432981000,1718561176,9.3602,127.018532,117.0,0,1700.0
432981000,1718561776,9.327833,127.023384,117.0,0,1730.0
432981000,1718562039,9.31365,127.025131,117.0,0,1740.0
432981000,1718562159,9.3071,127.025665,117.0,0,1760.0
432981000,1718562299,9.29955,127.025902,118.0,0,1770.0
432981000,1718562584,9.284133,127.026581,117.0,0,1770.0
432981000,1718563105,9.255383,127.027916,115.0,0,1760.0
432981000,1718563215,9.2495,127.028198,116.0,0,1760.0
432981000,1718563687,9.224117,127.030029,116.0,0,1750.0
432981000,1718563767,9.21985,127.030418,116.0,0,1740.0
432981000,1718563947,9.210083,127.031197,117.0,0,1750.0
432981000,1718564238,9.19415,127.032516,117.0,0,1750.0
432981000,1718564858,9.159883,127.035233,119.0,0,1750.0
432981000,1718565388,9.13045,127.037636,118.0,0,1730.0
432981000,1718569591,8.891867,127.055168,125.0,0,1750.0
432981000,1718570009,8.867367,127.05732,127.0,0,1750.0
432981000,1718571717,8.766167,127.065804,128.0,0,1750.0
432981000,1718571877,8.75675,127.066521,127.0,0,1740.0
432981000,1718572265,8.733767,127.06823,127.0,0,1760.0
432981000,1718576875,8.4661,127.091187,121.0,0,1750.0
432981000,1718581535,8.202567,127.098633,127.0,0,1720.0
432981000,1718584106,8.049367,127.119469,140.0,0,1720.0
432981000,1718592497,7.50505,127.163582,132.0,0,1790.0
432981000,1718592507,7.504433,127.163582,132.0,0,1790.0
432981000,1718592588,7.4995,127.163681,132.0,0,1790.0
432981000,1718594102,7.407367,127.166336,129.0,0,1750.0
432981000,1718597193,7.226733,127.181503,121.0,0,1730.0
432981000,1718597548,7.20635,127.183563,122.0,0,1750.0
432981000,1718598733,7.13915,127.190399,123.0,0,1740.0
432981000,1718604313,6.827967,127.161369,120.0,0,1910.0
432981000,1718605924,6.737367,127.143753,123.0,0,1900.0
432981000,1718607174,6.666983,127.131065,120.0,0,1890.0
432981000,1718607782,6.63285,127.124718,121.0,0,1910.0
432981000,1718612345,6.38295,127.076469,122.0,0,1900.0
432981000,1718612883,6.35285,127.070648,121.0,0,1920.0
432981000,1718614060,6.28765,127.057083,120.0,0,1920.0
432981000,1718614572,6.259983,127.050697,119.0,0,1940.0
432981000,1718619203,6.00775,126.99527,121.0,0,1890.0
432981000,1718619889,5.9695,126.98822,121.0,0,1890.0
432981000,1718620049,5.960683,126.986549,122.0,0,1910.0
432981000,1718620299,5.9467,126.983971,121.0,0,1900.0
432981000,1718620861,5.9154,126.977715,123.0,0,1910.0
432981000,1718622038,5.848767,126.963402,123.0,0,1930.0
432981000,1718624222,5.730333,126.937431,118.0,0,1920.0
432981000,1718624339,5.723867,126.93602,119.0,0,1930.0
432981000,1718624999,5.688017,126.929047,118.0,0,1920.0
432981000,1718625412,5.665883,126.924698,117.0,0,1900.0
432981000,1718625539,5.658983,126.923332,116.0,0,1920.0
432981000,1718625691,5.650983,126.921768,116.0,0,1900.0
432981000,1718625851,5.642483,126.920067,116.0,0,1900.0
432981000,1718626330,5.617067,126.915901,115.0,0,1890.0
432981000,1718627373,5.562633,126.907471,113.0,0,1880.0
432981000,1718627569,5.552367,126.905952,111.0,0,1880.0
432981000,1718628060,5.527333,126.902351,109.0,0,1880.0
432981000,1718628561,5.502133,126.899086,108.0,0,1870.0
432981000,1718632143,5.329567,126.8433,110.0,0,2010.0
432981000,1718633269,5.275567,126.821236,110.0,0,2040.0
432981000,1718633540,5.2629,126.815735,110.0,0,2040.0
432981000,1718634900,5.199317,126.788284,110.0,0,2030.0
432981000,1718637079,5.096383,126.744102,113.0,0,2020.0
432981000,1718641772,4.870167,126.64917,112.0,0,2010.0
432981000,1718641919,4.862883,126.646286,111.0,0,2010.0
432981000,1718642290,4.84515,126.639519,110.0,0,2000.0
432981000,1718644513,4.740667,126.598732,108.0,0,2040.0
432981000,1718647668,4.595683,126.533546,112.0,0,2050.0
432981000,1718648680,4.547917,126.512016,115.0,0,2050.0
432981000,1718650692,4.45225,126.470413,110.0,0,2010.0
432981000,1718650814,4.446467,126.468132,109.0,0,1990.0
432981000,1718651379,4.419683,126.45752,111.0,0,2030.0
432981000,1718655647,4.210417,126.419914,107.0,0,1760.0
432981000,1718656725,4.157817,126.42363,104.0,0,1750.0
432981000,1718657613,4.11525,126.427368,103.0,0,1750.0
432981000,1718657819,4.105183,126.428352,103.0,0,1740.0
432981000,1718659332,4.031633,126.432381,105.0,0,1770.0
432981000,1718662511,3.87625,126.436783,106.0,0,1760.0
432981000,1718663313,3.8364,126.43927,106.0,0,1760.0
432981000,1718664682,3.768967,126.442848,105.0,0,1760.0
432981000,1718665073,3.749833,126.443787,105.0,0,1780.0
432981000,1718665189,3.74395,126.444031,105.0,0,1770.0
432981000,1718667642,3.625783,126.451233,105.0,0,1750.0
432981000,1718668245,3.59655,126.452698,104.0,0,1790.0
432981000,1718669211,3.549517,126.453232,105.0,0,1800.0
432981000,1718669919,3.514067,126.453552,106.0,0,1800.0
432981000,1718670405,3.4902,126.453781,105.0,0,1790.0
432981000,1718670524,3.484267,126.45385,106.0,0,1800.0
432981000,1718671442,3.4391,126.454414,105.0,0,1800.0
432981000,1718677838,3.1232,126.459732,103.0,0,1770.0
432981000,1718678007,3.115067,126.4599,102.0,0,1790.0
432981000,1718682998,2.87535,126.465179,103.0,0,1760.0
432981000,1718684673,2.7936,126.469032,105.0,0,1770.0
432981000,1718687542,2.652333,126.47493,106.0,0,1780.0
432981000,1718690344,2.512617,126.477768,107.0,0,1780.0
432981000,1718692114,2.425367,126.4823,103.0,0,1750.0
432981000,1718693241,2.371333,126.484863,102.0,0,1770.0
432981000,1718694022,2.333967,126.487198,105.0,0,1770.0
432981000,1718698464,2.108833,126.49543,107.0,0,1820.0
432981000,1718699572,2.053167,126.49498,108.0,0,1790.0
432981000,1718700673,1.997633,126.495415,108.0,0,1790.0
432981000,1718706423,1.69045,126.508247,116.0,0,1780.0
432981000,1718708611,1.577583,126.483551,114.0,0,1900.0
432981000,1718708864,1.5643,126.481384,115.0,0,1850.0
432981000,1718709761,1.5155,126.484436,119.0,0,1660.0
432981000,1718710280,1.487133,126.491585,123.0,0,1630.0
432981000,1718710671,1.4655,126.497849,124.0,0,1630.0
432981000,1718711964,1.393733,126.509819,120.0,0,1770.0
432981000,1718712422,1.3682,126.5112,120.0,0,1770.0
432981000,1718712819,1.346317,126.512535,117.0,0,1760.0
432981000,1718713052,1.333833,126.51342,117.0,0,1760.0
432981000,1718713702,1.298217,126.516167,117.0,0,1730.0
432981000,1718713983,1.2831,126.51738,118.0,0,1750.0
432981000,1718717498,1.0877,126.52655,118.0,0,1790.0
432981000,1718717499,1.0877,126.52655,118.0,0,1790.0
432981000,1718717518,1.086533,126.52655,117.0,0,1790.0
432981000,1718717519,1.086533,126.52655,117.0,0,1790.0
432981000,1718717537,1.08545,126.52655,118.0,0,1790.0
432981000,1718717538,1.08545,126.52655,118.0,0,1790.0
432981000,1718717558,1.08435,126.52655,118.0,0,1790.0
432981000,1718717559,1.08435,126.52655,118.0,0,1790.0
432981000,1718717668,1.0783,126.526649,118.0,0,1790.0
432981000,1718719443,0.980683,126.528549,120.0,0,1770.0
432981000,1718720417,0.925917,126.53125,121.0,0,1770.0
432981000,1718722285,1.0877,126.52655,118.0,0,1790.0
432981000,1718726314,0.59365,126.539848,120.0,0,1790.0
432981000,1718726601,0.577483,126.54007,119.0,0,1760.0
432981000,1718727271,0.54035,126.542519,118.0,0,1760.0
432981000,1718727413,0.532667,126.543068,118.0,0,1760.0
432981000,1718727912,0.505167,126.544868,118.0,0,1760.0
432981000,1718728363,0.480317,126.546333,119.0,0,1760.0
432981000,1718728519,0.471433,126.546867,119.0,0,1760.0
432981000,1718728909,0.4496,126.548248,120.0,0,1760.0
432981000,1718729464,0.41845,126.549667,122.0,0,1790.0
432981000,1718730021,0.386583,126.550003,123.0,0,1780.0
432981000,1718730472,0.3605,126.550598,125.0,0,1790.0
432981000,1718733692,0.1717,126.555031,126.0,0,1770.0
432981000,1718734164,0.144017,126.556068,127.0,0,1790.0
432981000,1718734290,0.136317,126.556252,126.0,0,1780.0
432981000,1718734513,0.123333,126.5569,126.0,0,1760.0
432981000,1718735223,0.081783,126.558998,125.0,0,1760.0
432981000,1718735791,0.0488,126.560921,123.0,0,1760.0
432981000,1718736204,0.025533,126.562065,121.0,0,1790.0
432981000,1718736343,0.017583,126.562119,121.0,0,1790.0
432981000,1718736496,0.0091,126.562119,121.0,0,1800.0
432981000,1718736745,-0.005033,126.562202,121.0,0,1790.0
432981000,1718736877,-0.012283,126.562248,120.0,0,1790.0
432981000,1718737311,-0.036967,126.562447,119.0,0,1790.0
432981000,1718741045,-0.242433,126.57003,118.0,0,1770.0
432981000,1718741873,-0.288783,126.572197,121.0,0,1760.0
432981000,1718742173,-0.3058,126.573051,123.0,0,1770.0
432981000,1718742193,-0.306983,126.573097,122.0,0,1760.0
432981000,1718742362,-0.31665,126.573601,122.0,0,1770.0
432981000,1718743779,-0.39685,126.576149,119.0,0,1790.0
432981000,1718744333,-0.427417,126.576851,120.0,0,1780.0
432981000,1718746472,-0.548167,126.57827,123.0,0,1790.0
432981000,1718746592,-0.555067,126.578331,123.0,0,1790.0
432981000,1718749054,-0.6964,126.58963,123.0,0,1730.0
432981000,1718749132,-0.701017,126.590149,123.0,0,1730.0
432981000,1718750072,-0.754617,126.595665,122.0,0,1730.0
432981000,1718750705,-0.790217,126.599197,121.0,0,1740.0
432981000,1718754731,-1.016433,126.621635,115.0,0,1740.0
432981000,1718755884,-1.07705,126.627068,112.0,0,1740.0
432981000,1718758213,-1.204633,126.641853,128.0,0,1760.0
432981000,1718758750,-1.237183,126.643616,131.0,0,1760.0
432981000,1718759568,-1.287267,126.64637,131.0,0,1750.0
432981000,1718759779,-1.300167,126.647552,133.0,0,1750.0
432981000,1718759819,-1.302717,126.647766,133.0,0,1740.0
432981000,1718761296,-1.393583,126.658752,135.0,0,1720.0
432981000,1718761593,-1.41235,126.661217,135.0,0,1730.0
432981000,1718761895,-1.431167,126.663597,136.0,0,1720.0
432981000,1718762721,-1.480517,126.669899,119.0,0,1720.0
432981000,1718762761,-1.482667,126.670197,119.0,0,1720.0
432981000,1718765680,-1.631733,126.691284,108.0,0,1710.0
432981000,1718769862,-1.836067,126.719116,103.0,0,1750.0
432981000,1718770010,-1.84325,126.719704,103.0,0,1750.0
432981000,1718770221,-1.853417,126.72052,103.0,0,1750.0
432981000,1718770451,-1.86445,126.721336,103.0,0,1750.0
432981000,1718770770,-1.879867,126.722603,105.0,0,1740.0
432981000,1718771770,-1.928767,126.726486,106.0,0,1750.0
432981000,1718773673,-2.018867,126.714035,114.0,0,2210.0
432981000,1718774199,-2.04115,126.696503,116.0,0,2180.0
432981000,1718774427,-2.050533,126.688965,117.0,0,2190.0
432981000,1718780541,-2.309283,126.473831,122.0,0,2230.0
432981000,1718780803,-2.320017,126.463547,123.0,0,2240.0
432981000,1718781771,-2.360083,126.424797,121.0,0,2250.0
432981000,1718782192,-2.3778,126.408165,124.0,0,2210.0
432981000,1718785180,-2.51185,126.294235,129.0,0,2200.0
432981000,1718785869,-2.543283,126.266853,131.0,0,2190.0
432981000,1718794090,-2.91605,125.946686,118.0,0,2110.0
432981000,1718795061,-2.959967,125.91497,121.0,0,2220.0
432981000,1718795631,-2.984,125.893234,122.0,0,2160.0
432981000,1718797142,-3.048167,125.836067,123.0,0,2290.0
432981000,1718797224,-3.051183,125.832603,124.0,0,2280.0
432981000,1718797303,-3.054217,125.829132,124.0,0,2290.0
432981000,1718798302,-3.093517,125.785652,128.0,0,2270.0
432981000,1718799901,-3.163783,125.720383,129.0,0,2200.0
432981000,1718800211,-3.178667,125.709648,128.0,0,2130.0
432981000,1718801093,-3.22505,125.685768,128.0,0,2070.0
432981000,1718801678,-3.256383,125.66983,128.0,0,2070.0
432981000,1718801711,-3.258083,125.66893,128.0,0,2070.0
432981000,1718801769,-3.261233,125.66732,128.0,0,2060.0
432981000,1718805198,-3.25485,125.670616,127.0,0,2070.0
432981000,1718807039,-3.541583,125.53318,122.0,0,1990.0
432981000,1718807048,-3.542067,125.53302,123.0,0,1990.0
432981000,1718807057,-3.54255,125.532852,122.0,0,1980.0
432981000,1718807109,-3.545333,125.531952,121.0,0,1970.0
432981000,1718807137,-3.546833,125.531448,121.0,0,1980.0
432981000,1718807413,-3.561433,125.527519,118.0,0,1930.0
432981000,1718812001,-3.8039,125.468117,111.0,0,1950.0
432981000,1718812081,-3.807967,125.467064,110.0,0,1930.0
432981000,1718812217,-3.81345,125.465714,112.0,0,1940.0
432981000,1718812821,-3.8459,125.457336,115.0,0,1950.0
432981000,1718813013,-3.855817,125.454666,116.0,0,1940.0
432981000,1718813273,-3.869317,125.450836,116.0,0,1960.0
432981000,1718814555,-3.936483,125.432167,120.0,0,1970.0
432981000,1718815781,-4.0024,125.413368,120.0,0,1960.0
432981000,1718815841,-4.005633,125.412415,120.0,0,1960.0
432981000,1718816440,-4.03795,125.40403,117.0,0,1920.0
432981000,1718818794,-4.16365,125.377968,117.0,0,1910.0
432981000,1718819914,-4.2243,125.364967,119.0,0,1910.0
432981000,1718820614,-4.262317,125.355164,120.0,0,1950.0
432981000,1718820623,-4.262817,125.355049,120.0,0,1940.0
432981000,1718821243,-4.296317,125.346046,118.0,0,1950.0
432981000,1718821741,-4.3233,125.338654,121.0,0,1950.0
432981000,1718822452,-4.361733,125.329231,118.0,0,1920.0
432981000,1718823261,-4.404917,125.319283,115.0,0,1910.0
432981000,1718825942,-4.54645,125.287498,118.0,0,1940.0
432981000,1718828815,-4.7021,125.245102,123.0,0,1940.0
432981000,1718829123,-4.7194,125.240532,124.0,0,1940.0
432981000,1718829882,-4.7616,125.22905,123.0,0,1950.0
432981000,1718830673,-4.804933,125.216667,122.0,0,1940.0
432981000,1718831952,-4.876267,125.198769,124.0,0,1950.0
432981000,1718832052,-4.8819,125.197334,127.0,0,1950.0
432981000,1718832193,-4.889933,125.195366,125.0,0,1920.0
432981000,1718832212,-4.891017,125.195114,125.0,0,1920.0
432981000,1718834183,-5.000417,125.165619,121.0,0,1940.0
432981000,1718835302,-5.0617,125.148064,122.0,0,1950.0
432981000,1718835793,-5.088467,125.140434,123.0,0,1970.0
432981000,1718835853,-5.091783,125.139503,123.0,0,1960.0
432981000,1718836905,-5.150617,125.123299,123.0,0,1940.0
432981000,1718838009,-5.210917,125.108803,117.0,0,1930.0
432981000,1718839449,-5.288083,125.09185,119.0,0,1930.0
432981000,1718843790,-5.52425,125.032364,123.0,0,1960.0
432981000,1718844232,-5.548483,125.025284,123.0,0,1970.0
432981000,1718845400,-5.612783,125.006836,121.0,0,1920.0
432981000,1718846182,-5.655683,124.998131,120.0,0,1880.0
432981000,1718848592,-5.7892,124.98053,121.0,0,1900.0
432981000,1718849498,-5.83975,124.970482,122.0,0,1940.0
432981000,1718849578,-5.844233,124.969383,122.0,0,1950.0
432981000,1718849810,-5.856733,124.966202,121.0,0,1940.0
432981000,1718850020,-5.8683,124.963318,122.0,0,1930.0
432981000,1718850126,-5.873833,124.961929,120.0,0,1950.0
432981000,1718852442,-5.9979,124.926315,120.0,0,2050.0
432981000,1718853212,-6.036933,124.906601,122.0,0,2070.0
432981000,1718854342,-6.094283,124.877831,122.0,0,2050.0
432981000,1718857545,-6.257067,124.806686,117.0,0,2000.0
432981000,1718857941,-6.277367,124.79895,116.0,0,2010.0
432981000,1718858111,-6.286033,124.795601,116.0,0,2010.0
432981000,1718858155,-6.288,124.79483,116.0,0,2020.0
432981000,1718859191,-6.3408,124.774117,118.0,0,2030.0
432981000,1718859343,-6.348483,124.770851,118.0,0,2020.0
432981000,1718859471,-6.35495,124.768097,117.0,0,2020.0
432981000,1718862012,-6.4849,124.712784,120.0,0,2040.0
432981000,1718862545,-6.51195,124.700714,119.0,0,2030.0
432981000,1718863319,-6.550817,124.683502,119.0,0,2040.0
432981000,1718865801,-6.673483,124.625084,118.0,0,2050.0
432981000,1718869159,-6.847267,124.556183,120.0,0,2030.0
432981000,1718874328,-7.115217,124.442001,121.0,0,2010.0
432981000,1718875699,-7.18445,124.410881,118.0,0,2050.0
432981000,1718876331,-7.21655,124.39592,119.0,0,2050.0
432981000,1718876612,-7.230567,124.389267,119.0,0,2040.0
432981000,1718877186,-7.259483,124.376015,119.0,0,2040.0
432981000,1718877204,-7.260483,124.375534,119.0,0,2030.0
432981000,1718879191,-7.3618,124.331215,118.0,0,2030.0
432981000,1718881726,-7.491667,124.278351,120.0,0,2010.0
432981000,1718883704,-7.593233,124.236282,118.0,0,2030.0
432981000,1718885624,-7.690017,124.194504,117.0,0,2020.0
432981000,1718885700,-7.694,124.192833,118.0,0,2020.0
432981000,1718885920,-7.705117,124.188202,117.0,0,2020.0
432981000,1718886142,-7.716267,124.183548,116.0,0,2020.0
432981000,1718886671,-7.743033,124.172531,117.0,0,2020.0
432981000,1718888563,-7.83705,124.133064,115.0,0,2020.0
432981000,1718891157,-7.96435,124.077965,113.0,0,2030.0
432981000,1718891168,-7.964883,124.077736,113.0,0,2030.0
432981000,1718891177,-7.965367,124.07753,113.0,0,2030.0
432981000,1718891196,-7.966283,124.077133,113.0,0,2040.0
432981000,1718891197,-7.966283,124.077133,113.0,0,2040.0
432981000,1718891307,-7.971633,124.074753,112.0,0,2030.0
432981000,1718891349,-7.97365,124.073853,113.0,0,2030.0
432981000,1718891377,-7.974983,124.07325,112.0,0,2040.0
432981000,1718891507,-7.981183,124.07045,112.0,0,2040.0
432981000,1718891508,-7.981183,124.07045,112.0,0,2040.0
432981000,1718891517,-7.981667,124.070236,112.0,0,2040.0
432981000,1718891557,-7.983567,124.069366,112.0,0,2040.0
432981000,1718891577,-7.984533,124.068916,112.0,0,2040.0
432981000,1718891861,-7.99785,124.062881,111.0,0,2030.0
432981000,1718892149,-8.01145,124.056816,110.0,0,2030.0
432981000,1718892278,-8.017083,124.054283,109.0,0,2040.0
432981000,1718892654,-8.034417,124.04615,107.0,0,2040.0
432981000,1718894124,-8.099683,124.013786,106.0,0,2070.0
432981000,1718894262,-8.1059,124.010651,107.0,0,2060.0
432981000,1718894363,-8.11035,124.008499,107.0,0,2050.0
432981000,1718894764,-8.128217,123.999466,107.0,0,2060.0
432981000,1718894893,-8.1339,123.996536,107.0,0,2060.0
432981000,1718895363,-8.15555,123.987129,108.0,0,1990.0
432981000,1718895553,-8.164833,123.984596,108.0,0,1910.0
432981000,1718897939,-8.27745,123.953552,103.0,0,2450.0
432981000,1718898093,-8.27995,123.946671,106.0,0,2510.0
432981000,1718898485,-8.286017,123.927681,108.0,0,2500.0
432981000,1718900166,-8.315783,123.847115,108.0,0,2560.0
432981000,1718901519,-8.34555,123.779999,118.0,0,2420.0
432981000,1718903123,-8.424067,123.745033,124.0,0,1980.0
432981000,1718903253,-8.43115,123.742699,123.0,0,1970.0
432981000,1718903680,-8.455183,123.735802,125.0,0,1950.0
432981000,1718903788,-8.461233,123.734085,123.0,0,1950.0
432981000,1718904766,-8.514133,123.71862,119.0,0,1970.0
432981000,1718906072,-8.570567,123.676369,117.0,0,2210.0
432981000,1718906455,-8.58695,123.663879,115.0,0,2150.0
432981000,1718906782,-8.6013,123.653549,114.0,0,2150.0
432981000,1718906978,-8.6099,123.647552,111.0,0,2140.0
432981000,1718907543,-8.633267,123.631653,106.0,0,2140.0
432981000,1718907705,-8.639783,123.627113,107.0,0,2150.0
432981000,1718908687,-8.6791,123.597618,107.0,0,2180.0
432981000,1718909992,-8.731767,123.557686,111.0,0,2160.0
432981000,1718910531,-8.7541,123.540482,111.0,0,2160.0
432981000,1718910738,-8.762767,123.533882,111.0,0,2170.0
432981000,1718911090,-8.777,123.522652,110.0,0,2170.0
432981000,1718911288,-8.785317,123.516518,110.0,0,2160.0
432981000,1718911387,-8.789067,123.513802,109.0,0,2150.0
432981000,1718911717,-8.802817,123.503883,111.0,0,2150.0
432981000,1718911817,-8.806883,123.500847,110.0,0,2160.0
432981000,1718912224,-8.82395,123.488434,110.0,0,2150.0
432981000,1718912791,-8.847833,123.471153,112.0,0,2150.0
432981000,1718913392,-8.87325,123.453346,112.0,0,2150.0
432981000,1718913946,-8.896483,123.43618,114.0,0,2160.0
432981000,1718916342,-9.000483,123.362434,115.0,0,2150.0
432981000,1718918061,-9.075783,123.307999,120.0,0,2150.0
432981000,1718918124,-9.0785,123.306015,119.0,0,2160.0
432981000,1718918489,-9.0949,123.293533,119.0,0,2160.0
432981000,1718918563,-9.098033,123.291199,119.0,0,2160.0
432981000,1718921274,-9.215883,123.2015,114.0,0,2170.0
432981000,1718922348,-9.26065,123.166466,111.0,0,2180.0
432981000,1718922541,-9.268467,123.160271,111.0,0,2180.0
432981000,1718923435,-9.304417,123.13118,110.0,0,2180.0
432981000,1718923822,-9.3199,123.118629,108.0,0,2180.0
432981000,1718924291,-9.338733,123.103821,107.0,0,2150.0
432981000,1718924353,-9.341233,123.10202,108.0,0,2160.0
432981000,1718924573,-9.35025,123.095451,108.0,0,2160.0
432981000,1718924839,-9.361233,123.087418,109.0,0,2150.0
432981000,1718924993,-9.367433,123.082932,109.0,0,2150.0
432981000,1718925931,-9.405833,123.054665,111.0,0,2150.0
432981000,1718926310,-9.421417,123.043114,110.0,0,2160.0
432981000,1718927071,-9.453083,123.020248,109.0,0,2150.0
432981000,1718927501,-9.471033,123.007584,110.0,0,2140.0
432981000,1718929372,-9.54755,122.954597,110.0,0,2140.0
432981000,1718929491,-9.552767,122.951103,110.0,0,2130.0
432981000,1718930249,-9.585733,122.928734,115.0,0,2140.0
432981000,1718930741,-9.607917,122.913719,118.0,0,2140.0
432981000,1718931061,-9.622567,122.904015,119.0,0,2120.0
432981000,1718931192,-9.628517,122.899918,118.0,0,2150.0
432981000,1718932389,-9.6843,122.862465,121.0,0,2130.0
432981000,1718932745,-9.7008,122.851646,120.0,0,2120.0
432981000,1718933471,-9.73545,122.829765,121.0,0,2110.0
432981000,1718933897,-9.756067,122.817017,120.0,0,2140.0
432981000,1718933898,-9.756067,122.817017,120.0,0,2140.0
432981000,1718933918,-9.757067,122.816315,120.0,0,2140.0
432981000,1718933928,-9.757533,122.816002,119.0,0,2150.0
432981000,1718933929,-9.757533,122.816002,119.0,0,2150.0
432981000,1718933938,-9.758,122.815666,120.0,0,2150.0
432981000,1718933939,-9.758,122.815666,120.0,0,2150.0
432981000,1718933948,-9.7584,122.815369,120.0,0,2140.0
432981000,1718933968,-9.75935,122.814682,120.0,0,2150.0
432981000,1718933969,-9.75935,122.814682,120.0,0,2150.0
432981000,1718934038,-9.7625,122.812317,119.0,0,2170.0
432981000,1718934048,-9.76295,122.811981,119.0,0,2170.0
432981000,1718934049,-9.76295,122.811981,119.0,0,2170.0
432981000,1718934058,-9.7634,122.81163,120.0,0,2170.0
432981000,1718934137,-9.7669,122.808929,120.0,0,2160.0
432981000,1718934138,-9.7669,122.808929,120.0,0,2160.0
432981000,1718934142,-9.7669,122.808929,120.0,0,2160.0
432981000,1718934158,-9.767833,122.808235,120.0,0,2160.0
432981000,1718934159,-9.767833,122.808235,120.0,0,2160.0
432981000,1718934168,-9.768283,122.807899,120.0,0,2160.0
432981000,1718934169,-9.768283,122.807899,120.0,0,2160.0
432981000,1718934197,-9.769617,122.8069,121.0,0,2160.0
432981000,1718934953,-9.803417,122.781769,119.0,0,2160.0
432981000,1718935202,-9.814717,122.773483,121.0,0,2150.0
432981000,1718935760,-9.83995,122.754967,120.0,0,2150.0
432981000,1718935932,-9.847633,122.749397,120.0,0,2160.0
432981000,1718936805,-9.8866,122.720284,118.0,0,2160.0
432981000,1718938082,-9.944233,122.677368,118.0,0,2170.0
432981000,1718938354,-9.956583,122.669052,118.0,0,2040.0
432981000,1718938571,-9.9677,122.664268,119.0,0,2020.0
432981000,1718939892,-10.036617,122.634666,123.0,0,2030.0
432981000,1718940170,-10.051267,122.628151,123.0,0,2040.0
432981000,1718941757,-10.1338,122.591721,121.0,0,2040.0
432981000,1718942582,-10.175783,122.571999,119.0,0,2070.0
432981000,1718943023,-10.197217,122.559998,118.0,0,2100.0
432981000,1718944253,-10.257033,122.525116,119.0,0,2100.0
432981000,1718945036,-10.295683,122.50415,121.0,0,2080.0
432981000,1718947593,-10.4259,122.435219,125.0,0,2070.0
432981000,1718947792,-10.43625,122.430069,123.0,0,2060.0
432981000,1718948273,-10.4611,122.417465,123.0,0,2060.0
432981000,1718948391,-10.467267,122.41433,124.0,0,2050.0
432981000,1718948731,-10.484783,122.405617,124.0,0,2070.0
432981000,1718948951,-10.496283,122.399719,125.0,0,2070.0
432981000,1718950782,-10.592833,122.348648,132.0,0,2060.0
432981000,1718953150,-10.7263,122.28743,132.0,0,2060.0
432981000,1718953393,-10.739533,122.280586,133.0,0,2080.0
432981000,1718953574,-10.749317,122.275414,131.0,0,2060.0
432981000,1718954485,-10.798517,122.249367,130.0,0,2070.0
432981000,1718955872,-10.872417,122.211266,125.0,0,2060.0
432981000,1718956069,-10.88295,122.206047,125.0,0,2040.0
432981000,1718957970,-10.981783,122.156487,125.0,0,2080.0
432981000,1718959102,-11.038367,122.12558,119.0,0,2060.0
432981000,1718959639,-11.064667,122.111519,117.0,0,2070.0
432981000,1718960143,-11.0886,122.099113,115.0,0,2060.0
432981000,1718960204,-11.0915,122.097649,114.0,0,2060.0
432981000,1718961324,-11.145467,122.070251,115.0,0,2080.0
432981000,1718962622,-11.206983,122.035851,119.0,0,2100.0
432981000,1718963232,-11.23545,122.018364,117.0,0,2120.0
432981000,1718963292,-11.238283,122.016548,119.0,0,2120.0
432981000,1718964309,-11.28595,121.985313,121.0,0,2140.0
432981000,1718964379,-11.289217,121.983147,120.0,0,2150.0
432981000,1718964672,-11.302783,121.974167,120.0,0,2150.0
432981000,1718964891,-11.313,121.967133,119.0,0,2150.0
432981000,1718964911,-11.313917,121.966515,121.0,0,2130.0
432981000,1718965414,-11.3373,121.951782,118.0,0,2100.0
432981000,1718965432,-11.338217,121.951302,117.0,0,2060.0
432981000,1718965890,-11.360483,121.93943,116.0,0,2070.0
432981000,1718966430,-11.38755,121.928497,117.0,0,2000.0
432981000,1718967001,-11.4165,121.918282,115.0,0,1970.0
432981000,1718967597,-11.4467,121.907867,117.0,0,1980.0
432981000,1718968440,-11.4908,121.892883,116.0,0,1970.0
432981000,1718968500,-11.494,121.891884,118.0,0,1950.0
432981000,1718969431,-11.5408,121.869553,121.0,0,2050.0
432981000,1718969560,-11.54725,121.866135,121.0,0,2070.0
432981000,1718969992,-11.5685,121.854965,120.0,0,2070.0
432981000,1718970164,-11.57695,121.850571,118.0,0,2080.0
432981000,1718970180,-11.5779,121.850067,118.0,0,2060.0
432981000,1718970392,-11.588317,121.844666,121.0,0,2070.0
432981000,1718970660,-11.601617,121.8377,118.0,0,2070.0
432981000,1718970771,-11.606933,121.834953,118.0,0,2070.0
432981000,1718970901,-11.613367,121.83165,119.0,0,2060.0
432981000,1718971192,-11.6277,121.824219,119.0,0,2050.0
432981000,1718971378,-11.636583,121.819649,119.0,0,2070.0
432981000,1718971640,-11.649867,121.81282,118.0,0,2050.0
432981000,1718971913,-11.663217,121.806053,117.0,0,2060.0
432981000,1718972371,-11.685917,121.794815,117.0,0,2050.0
432981000,1718972471,-11.69085,121.792381,118.0,0,2060.0
432981000,1718972693,-11.701717,121.787102,118.0,0,2060.0
432981000,1718973041,-11.718917,121.778687,117.0,0,2060.0
432981000,1718973211,-11.727217,121.774597,116.0,0,2050.0
432981000,1718974251,-11.778483,121.749466,117.0,0,2050.0
432981000,1718974392,-11.785467,121.746185,117.0,0,2040.0
432981000,1718974687,-11.79995,121.739349,117.0,0,2050.0
432981000,1718974981,-11.814967,121.732147,119.0,0,2050.0
432981000,1718975353,-11.8335,121.723465,119.0,0,2040.0
432981000,1718975378,-11.834933,121.722786,117.0,0,2050.0
432981000,1718975389,-11.835483,121.722534,117.0,0,2050.0
432981000,1718975398,-11.835933,121.722321,119.0,0,2040.0
432981000,1718975469,-11.839533,121.720665,116.0,0,2040.0
432981000,1718975489,-11.840483,121.72023,118.0,0,2030.0
432981000,1718975558,-11.843883,121.718681,119.0,0,2040.0
432981000,1718975589,-11.845533,121.717903,118.0,0,2040.0
432981000,1718975598,-11.845917,121.717697,117.0,0,2050.0
432981000,1718975827,-11.857183,121.711746,117.0,0,2080.0
432981000,1718975922,-11.861633,121.709351,118.0,0,2080.0
432981000,1718977154,-11.921567,121.67585,119.0,0,2070.0
432981000,1718979805,-12.05335,121.608032,120.0,0,2040.0
432981000,1718980515,-12.08895,121.590065,120.0,0,2070.0
432981000,1718980928,-12.10995,121.579567,120.0,0,2060.0
432981000,1718980948,-12.110917,121.579102,120.0,0,2050.0
432981000,1718980957,-12.11135,121.578865,118.0,0,2050.0
432981000,1718980962,-12.11135,121.578865,118.0,0,2050.0
432981000,1718980988,-12.112917,121.578102,118.0,0,2050.0
432981000,1718981017,-12.114417,121.57737,119.0,0,2050.0
432981000,1718981039,-12.115483,121.576851,118.0,0,2040.0
432981000,1718981077,-12.117383,121.575935,120.0,0,2050.0
432981000,1718981099,-12.1185,121.575401,118.0,0,2040.0
432981000,1718981118,-12.1195,121.574898,122.0,0,2060.0
432981000,1718981159,-12.1215,121.573914,119.0,0,2040.0
432981000,1718981199,-12.123417,121.572983,121.0,0,2060.0
432981000,1718981355,-12.130967,121.569267,120.0,0,2050.0
432981000,1718981781,-12.152617,121.55883,120.0,0,2050.0
432981000,1718983863,-12.25605,121.5075,117.0,0,2090.0
432981000,1718984171,-12.271033,121.499367,116.0,0,2070.0
432981000,1718985560,-12.338933,121.462685,119.0,0,2080.0
432981000,1718985664,-12.343833,121.46003,118.0,0,2070.0
432981000,1718986074,-12.36405,121.449219,120.0,0,2080.0
432981000,1718986452,-12.382833,121.43927,119.0,0,2070.0
432981000,1718986659,-12.3932,121.433815,120.0,0,2060.0
432981000,1718987222,-12.42115,121.419067,120.0,0,2060.0
432981000,1718988011,-12.4607,121.398453,120.0,0,2060.0
432981000,1718988568,-12.488783,121.383781,121.0,0,2070.0
432981000,1718988958,-12.50805,121.373749,122.0,0,2050.0
432981000,1718989008,-12.510567,121.372437,122.0,0,2070.0
432981000,1718990029,-12.56275,121.345451,122.0,0,2070.0
432981000,1718990174,-12.569917,121.341766,123.0,0,2060.0
432981000,1718990492,-12.586167,121.333504,124.0,0,2050.0
432981000,1718990901,-12.607133,121.32283,123.0,0,2060.0
432981000,1718991299,-12.627717,121.312531,123.0,0,2050.0
432981000,1718991826,-12.65425,121.299568,121.0,0,2050.0
432981000,1718992153,-12.670917,121.29142,121.0,0,2040.0
432981000,1718992661,-12.696917,121.279099,120.0,0,2040.0
432981000,1718992820,-12.70495,121.275253,121.0,0,2060.0
432981000,1718993042,-12.71595,121.269386,121.0,0,2080.0
432981000,1718994064,-12.7669,121.242752,121.0,0,2060.0
432981000,1718995800,-12.854783,121.198769,119.0,0,2060.0
432981000,1718996430,-12.886517,121.182716,120.0,0,2060.0
432981000,1718996503,-12.89,121.180969,122.0,0,2060.0
432981000,1718996530,-12.8915,121.180199,121.0,0,2050.0
432981000,1718997053,-12.9176,121.166969,119.0,0,2050.0
432981000,1718997592,-12.944567,121.153381,119.0,0,2060.0
432981000,1718997660,-12.94805,121.151649,120.0,0,2070.0
432981000,1718998649,-12.997183,121.127197,118.0,0,2070.0
432981000,1718999871,-13.05655,121.094437,117.0,0,2080.0
432981000,1718999995,-13.062317,121.091202,120.0,0,2070.0
432981000,1719000150,-13.070183,121.087036,121.0,0,2060.0
432981000,1719000379,-13.081617,121.081047,120.0,0,2070.0
432981000,1719000609,-13.09305,121.075081,119.0,0,2060.0
432981000,1719000789,-13.101983,121.07045,120.0,0,2070.0
432981000,1719000899,-13.107417,121.067551,121.0,0,2080.0
432981000,1719001094,-13.11685,121.062531,119.0,0,2050.0
432981000,1719002030,-13.163567,121.038414,122.0,0,2060.0
432981000,1719002059,-13.165,121.037682,121.0,0,2040.0
432981000,1719002862,-13.205117,121.018066,120.0,0,2040.0
432981000,1719003177,-13.22075,121.010483,120.0,0,2040.0
432981000,1719003408,-13.232833,121.004616,118.0,0,2050.0
432981000,1719003514,-13.237933,121.002197,120.0,0,2050.0
432981000,1719003842,-13.254483,120.994247,119.0,0,2040.0
432981000,1719004463,-13.2857,120.978966,119.0,0,2060.0
432981000,1719004610,-13.293133,120.975082,119.0,0,2060.0
432981000,1719005051,-13.31485,120.96405,117.0,0,2060.0
432981000,1719005183,-13.321233,120.960785,117.0,0,2060.0
432981000,1719005392,-13.331317,120.955132,116.0,0,2080.0
432981000,1719005579,-13.340267,120.950134,116.0,0,2080.0
432981000,1719005631,-13.342683,120.948814,116.0,0,2090.0
432981000,1719005709,-13.346433,120.946716,117.0,0,2090.0
432981000,1719006039,-13.362033,120.938202,115.0,0,2080.0
432981000,1719007204,-13.41675,120.908096,115.0,0,2080.0
432981000,1719007240,-13.418683,120.907051,115.0,0,2080.0
432981000,1719008315,-13.46955,120.879646,114.0,0,2070.0
432981000,1719008415,-13.474317,120.877167,116.0,0,2070.0
432981000,1719008869,-13.4965,120.865967,116.0,0,2050.0
432981000,1719008929,-13.4994,120.864517,115.0,0,2050.0
432981000,1719009231,-13.513867,120.857399,115.0,0,2040.0
432981000,1719009429,-13.523583,120.852684,116.0,0,2050.0
432981000,1719009515,-13.527517,120.850784,115.0,0,2040.0
432981000,1719009623,-13.532933,120.848236,116.0,0,2040.0
432981000,1719010681,-13.584867,120.824333,115.0,0,2030.0
432981000,1719011343,-13.61735,120.809601,116.0,0,2020.0
432981000,1719011471,-13.6238,120.80677,115.0,0,2020.0
432981000,1719013499,-13.7215,120.760353,111.0,0,2070.0
432981000,1719013812,-13.736017,120.752853,114.0,0,2060.0
432981000,1719013933,-13.74165,120.749931,114.0,0,2050.0
432981000,1719014041,-13.746783,120.747253,113.0,0,2070.0
432981000,1719014132,-13.750967,120.745049,113.0,0,2070.0
432981000,1719014603,-13.773117,120.733398,113.0,0,2070.0
432981000,1719014944,-13.789017,120.725037,112.0,0,2070.0
432981000,1719015503,-13.81515,120.711304,111.0,0,2060.0
432981000,1719015592,-13.819317,120.709114,112.0,0,2060.0
432981000,1719015941,-13.835383,120.70047,109.0,0,2070.0
432981000,1719016130,-13.844017,120.695702,111.0,0,2080.0
432981000,1719016314,-13.852167,120.6912,111.0,0,2080.0
432981000,1719016513,-13.861133,120.68615,110.0,0,2080.0
432981000,1719016583,-13.864267,120.684402,110.0,0,2080.0
432981000,1719016813,-13.8747,120.678566,110.0,0,2080.0
432981000,1719017952,-13.925833,120.649918,108.0,0,2080.0
432981000,1719017973,-13.926733,120.649414,110.0,0,2080.0
432981000,1719018077,-13.9316,120.646751,108.0,0,2070.0
432981000,1719018088,-13.9321,120.646469,108.0,0,2080.0
432981000,1719018089,-13.9321,120.646469,108.0,0,2080.0
432981000,1719018129,-13.93395,120.645447,109.0,0,2080.0
432981000,1719018189,-13.936617,120.643997,112.0,0,2080.0
432981000,1719018209,-13.937533,120.643501,111.0,0,2060.0
432981000,1719018228,-13.938433,120.642998,111.0,0,2070.0
432981000,1719018258,-13.9398,120.64225,111.0,0,2080.0
432981000,1719018289,-13.941217,120.641479,111.0,0,2070.0
432981000,1719018297,-13.941583,120.641281,111.0,0,2080.0
432981000,1719018308,-13.94205,120.641029,111.0,0,2070.0
432981000,1719018318,-13.94255,120.64077,111.0,0,2070.0
432981000,1719018339,-13.9435,120.640251,111.0,0,2070.0
432981000,1719018349,-13.943967,120.639999,111.0,0,2070.0
432981000,1719018359,-13.944417,120.639771,111.0,0,2080.0
432981000,1719018411,-13.946683,120.638535,111.0,0,2080.0
432981000,1719018419,-13.947233,120.638229,110.0,0,2070.0
432981000,1719018560,-13.95355,120.634766,112.0,0,2070.0
432981000,1719018752,-13.962317,120.629936,112.0,0,2070.0
432981000,1719019060,-13.976517,120.622116,113.0,0,2090.0
432981000,1719019463,-13.993683,120.612747,111.0,0,2070.0
432981000,1719019482,-13.995967,120.611504,114.0,0,2070.0
432981000,1719020129,-14.026517,120.594833,116.0,0,2070.0
432981000,1719020192,-14.0294,120.593231,117.0,0,2080.0
432981000,1719020634,-14.050317,120.581764,115.0,0,2070.0
432981000,1719020700,-14.05365,120.579948,114.0,0,2080.0
432981000,1719021069,-14.071217,120.57045,114.0,0,2080.0
432981000,1719021204,-14.077367,120.567047,116.0,0,2070.0
432981000,1719021295,-14.081667,120.564697,116.0,0,2090.0
432981000,1719021441,-14.088717,120.560867,116.0,0,2080.0
432981000,1719021750,-14.103333,120.552879,115.0,0,2090.0
432981000,1719021833,-14.107133,120.550766,114.0,0,2090.0
432981000,1719021858,-14.108533,120.54998,115.0,0,2080.0
432981000,1719022825,-14.154367,120.525299,117.0,0,2070.0
432981000,1719023391,-14.1814,120.51017,116.0,0,2100.0
432981000,1719023491,-14.186017,120.507347,116.0,0,2090.0
432981000,1719023709,-14.19625,120.501221,117.0,0,2110.0
432981000,1719023748,-14.19805,120.500099,116.0,0,2100.0
432981000,1719023912,-14.2055,120.495537,116.0,0,2090.0
432981000,1719023919,-14.206017,120.495216,117.0,0,2090.0
432981000,1719023968,-14.208283,120.493866,117.0,0,2090.0
432981000,1719023979,-14.208817,120.493553,117.0,0,2100.0
432981000,1719023988,-14.209233,120.493301,116.0,0,2100.0
432981000,1719024019,-14.210683,120.492416,117.0,0,2100.0
432981000,1719024222,-14.220133,120.486732,118.0,0,2090.0
432981000,1719024302,-14.223967,120.484535,117.0,0,2100.0
432981000,1719024641,-14.24015,120.475121,118.0,0,2110.0
432981000,1719024742,-14.244917,120.472237,119.0,0,2100.0
432981000,1719024792,-14.2474,120.470749,119.0,0,2080.0
432981000,1719025089,-14.26175,120.462196,119.0,0,2110.0
432981000,1719025109,-14.262617,120.461685,119.0,0,2090.0
432981000,1719026181,-14.3139,120.430763,119.0,0,2110.0
432981000,1719026800,-14.3439,120.412552,121.0,0,2100.0
432981000,1719027672,-14.386217,120.390686,113.0,0,2050.0
432981000,1719028480,-14.425683,120.375351,113.0,0,2050.0
432981000,1719028750,-14.438733,120.36898,116.0,0,2050.0
432981000,1719030019,-14.502483,120.340683,118.0,0,2020.0
432981000,1719030313,-14.5172,120.334297,119.0,0,2030.0
432981000,1719030826,-14.5431,120.323036,118.0,0,2030.0
432981000,1719030922,-14.548133,120.320831,119.0,0,2030.0
432981000,1719031193,-14.56195,120.314819,118.0,0,2030.0
432981000,1719031410,-14.57305,120.309853,119.0,0,2020.0
432981000,1719031991,-14.60245,120.296814,118.0,0,2040.0
432981000,1719032193,-14.61255,120.292183,120.0,0,2040.0
432981000,1719032324,-14.619033,120.289116,120.0,0,2040.0
432981000,1719032529,-14.62965,120.284081,124.0,0,2020.0
432981000,1719032604,-14.633267,120.282387,118.0,0,2050.0
432981000,1719033012,-14.65405,120.272415,119.0,0,2060.0
432981000,1719033160,-14.661467,120.26857,121.0,0,2060.0
432981000,1719033410,-14.67405,120.262169,119.0,0,2050.0
432981000,1719033461,-14.676533,120.260918,119.0,0,2070.0
432981000,1719033553,-14.680967,120.258667,119.0,0,2040.0
432981000,1719033636,-14.684983,120.25663,118.0,0,2050.0
432981000,1719034239,-14.715267,120.241501,117.0,0,2060.0
432981000,1719034433,-14.72475,120.236786,118.0,0,2040.0
432981000,1719034471,-14.726683,120.235817,119.0,0,2050.0
432981000,1719035022,-14.7534,120.221649,117.0,0,2080.0
432981000,1719035439,-14.773233,120.210899,113.0,0,2060.0
432981000,1719036544,-14.825067,120.182869,114.0,0,2060.0
432981000,1719037027,-14.847517,120.170784,112.0,0,2070.0
432981000,1719037265,-14.858733,120.164703,114.0,0,2080.0
432981000,1719037289,-14.860133,120.163948,114.0,0,2060.0
432981000,1719037691,-14.878967,120.153801,113.0,0,2070.0
432981000,1719038135,-14.899633,120.142914,113.0,0,2040.0
432981000,1719038241,-14.905083,120.140846,111.0,0,1970.0
432981000,1719038284,-14.90705,120.140251,112.0,0,1960.0
432981000,1719038359,-14.911117,120.139282,112.0,0,1900.0
432981000,1719038575,-14.922017,120.13797,110.0,0,1780.0
432981000,1719039139,-14.951183,120.135864,112.0,0,1980.0
432981000,1719039412,-14.964067,120.129517,114.0,0,2080.0
432981000,1719039973,-14.990317,120.114281,117.0,0,2120.0
432981000,1719040411,-15.010383,120.10067,118.0,0,2120.0
432981000,1719041461,-15.058367,120.06842,116.0,0,2130.0
432981000,1719041579,-15.063833,120.064781,117.0,0,2110.0
432981000,1719041759,-15.0722,120.05925,118.0,0,2130.0
432981000,1719041971,-15.081917,120.052681,118.0,0,2140.0
432981000,1719042223,-15.093783,120.045586,118.0,0,2090.0
432981000,1719042245,-15.094817,120.044998,118.0,0,2080.0
432981000,1719042492,-15.106883,120.038017,121.0,0,2090.0
432981000,1719042972,-15.130367,120.024834,122.0,0,2070.0
432981000,1719043521,-15.157117,120.009666,119.0,0,2090.0
432981000,1719043529,-15.157617,120.009384,119.0,0,2090.0
432981000,1719043819,-15.171183,120.001534,120.0,0,2090.0
432981000,1719044171,-15.18795,119.990829,116.0,0,2100.0
432981000,1719044262,-15.192117,119.988266,116.0,0,2110.0
432981000,1719044771,-15.215867,119.974602,115.0,0,2070.0
432981000,1719045143,-15.233517,119.965103,115.0,0,2070.0
432981000,1719045256,-15.238817,119.962265,115.0,0,2060.0
432981000,1719045433,-15.247567,119.95797,115.0,0,2050.0
432981000,1719046693,-15.308783,119.92878,115.0,0,2050.0
432981000,1719046763,-15.3122,119.92717,114.0,0,2040.0
432981000,1719047259,-15.3365,119.915916,114.0,0,2030.0
432981000,1719047492,-15.347467,119.910431,114.0,0,2060.0
432981000,1719047814,-15.3626,119.902786,114.0,0,2040.0
432981000,1719047916,-15.3674,119.900398,114.0,0,2050.0
432981000,1719048406,-15.390817,119.888832,115.0,0,2050.0
432981000,1719048562,-15.398383,119.885101,113.0,0,2060.0
432981000,1719048682,-15.40415,119.882286,113.0,0,2040.0
432981000,1719048832,-15.411217,119.878784,113.0,0,2050.0
432981000,1719048913,-15.415017,119.876884,112.0,0,2040.0
432981000,1719049252,-15.431217,119.868851,113.0,0,2070.0
432981000,1719049362,-15.4364,119.866302,113.0,0,2050.0
432981000,1719049651,-15.450233,119.859497,112.0,0,2050.0
432981000,1719049871,-15.460667,119.854385,112.0,0,2060.0
432981000,1719050214,-15.4767,119.846367,111.0,0,2060.0
432981000,1719050334,-15.482317,119.843597,112.0,0,2040.0
432981000,1719050701,-15.49985,119.834885,113.0,0,2050.0
432981000,1719050823,-15.5055,119.832085,112.0,0,2060.0
432981000,1719050853,-15.506967,119.831352,112.0,0,2060.0
432981000,1719050943,-15.51115,119.829247,112.0,0,2060.0
432981000,1719051040,-15.5158,119.826897,111.0,0,2060.0
432981000,1719051228,-15.524633,119.822403,110.0,0,2070.0
432981000,1719051294,-15.527533,119.820999,109.0,0,2060.0
432981000,1719051982,-15.55975,119.804749,108.0,0,2070.0
432981000,1719052149,-15.567617,119.800751,111.0,0,2060.0
432981000,1719053232,-15.617933,119.774879,112.0,0,2060.0
432981000,1719053671,-15.6386,119.764435,112.0,0,2050.0
432981000,1719053693,-15.63945,119.764,111.0,0,2060.0
432981000,1719053853,-15.646967,119.76017,111.0,0,2060.0
432981000,1719053912,-15.649783,119.75872,112.0,0,2050.0
432981000,1719054001,-15.654017,119.756584,113.0,0,2050.0
432981000,1719054235,-15.664733,119.751053,111.0,0,2060.0
432981000,1719054561,-15.68015,119.743134,114.0,0,2050.0
432981000,1719054759,-15.6895,119.73838,112.0,0,2060.0
432981000,1719054774,-15.689967,119.738152,112.0,0,2040.0
432981000,1719054950,-15.69845,119.733849,112.0,0,2060.0
432981000,1719055501,-15.724433,119.721016,113.0,0,2050.0
432981000,1719056399,-15.767017,119.700371,113.0,0,2050.0
432981000,1719056569,-15.775183,119.696419,113.0,0,2050.0
432981000,1719056632,-15.778083,119.695015,114.0,0,2040.0
432981000,1719056739,-15.783317,119.692497,114.0,0,2040.0
432981000,1719056820,-15.787183,119.690666,114.0,0,2040.0
432981000,1719057714,-15.830217,119.67025,114.0,0,2040.0
432981000,1719057863,-15.83755,119.666885,114.0,0,2040.0
432981000,1719057924,-15.840533,119.665497,114.0,0,2030.0
432981000,1719058460,-15.867083,119.653168,117.0,0,2040.0
432981000,1719058629,-15.875533,119.649269,117.0,0,2040.0
432981000,1719058723,-15.880017,119.647202,117.0,0,2030.0
432981000,1719059069,-15.897333,119.639015,117.0,0,2040.0
432981000,1719059162,-15.90185,119.636887,118.0,0,2030.0
432981000,1719059345,-15.910883,119.632652,116.0,0,2040.0
432981000,1719059528,-15.91985,119.628464,118.0,0,2040.0
432981000,1719059684,-15.9279,119.624763,119.0,0,2030.0
432981000,1719059699,-15.928917,119.624298,118.0,0,2040.0
432981000,1719059733,-15.930467,119.623566,118.0,0,2050.0
432981000,1719059844,-15.936017,119.620979,118.0,0,2040.0
432981000,1719060044,-15.946067,119.616264,118.0,0,2040.0
432981000,1719060133,-15.950567,119.614098,119.0,0,2050.0
432981000,1719060232,-15.955767,119.611649,119.0,0,2040.0
432981000,1719060261,-15.957217,119.610947,119.0,0,2050.0
432981000,1719060352,-15.961817,119.608681,121.0,0,2060.0
432981000,1719060771,-15.9831,119.598251,120.0,0,2060.0
432981000,1719060981,-15.99375,119.592934,120.0,0,2030.0
432981000,1719061032,-15.99625,119.591721,119.0,0,2050.0
432981000,1719061312,-16.010532,119.58477,121.0,0,2040.0
432981000,1719061398,-16.0151,119.582535,120.0,0,2050.0
432981000,1719061493,-16.01965,119.580254,120.0,0,2050.0
432981000,1719061615,-16.025682,119.577187,121.0,0,2050.0
432981000,1719061645,-16.027201,119.576401,120.0,0,2070.0
432981000,1719061867,-16.038349,119.570732,121.0,0,2050.0
432981000,1719061870,-16.038868,119.57048,120.0,0,2040.0
432981000,1719061991,-16.04495,119.567467,120.0,0,2050.0
432981000,1719062425,-16.066799,119.556618,121.0,0,2060.0
432981000,1719062582,-16.0748,119.552368,121.0,0,2070.0
432981000,1719062748,-16.08285,119.548119,121.0,0,2060.0
432981000,1719062965,-16.093901,119.542213,120.0,0,2060.0
432981000,1719062969,-16.0944,119.541969,120.0,0,2040.0
432981000,1719063507,-16.120667,119.527252,120.0,0,2090.0
432981000,1719063790,-16.134867,119.519279,119.0,0,2080.0
432981000,1719063982,-16.144051,119.513901,119.0,0,2110.0
432981000,1719064090,-16.149401,119.510834,119.0,0,2080.0
432981000,1719064758,-16.181618,119.491753,120.0,0,2110.0
432981000,1719065019,-16.194233,119.4842,119.0,0,2100.0
432981000,1719065028,-16.194668,119.483948,119.0,0,2100.0
432981000,1719065058,-16.196068,119.483116,118.0,0,2090.0
432981000,1719065068,-16.196583,119.48278,119.0,0,2100.0
432981000,1719065079,-16.197117,119.482483,120.0,0,2100.0
432981000,1719065088,-16.19755,119.482216,118.0,0,2090.0
432981000,1719065099,-16.198084,119.481903,119.0,0,2100.0
432981000,1719065110,-16.198566,119.481598,119.0,0,2090.0
432981000,1719065118,-16.198999,119.481354,119.0,0,2100.0
432981000,1719065139,-16.200018,119.480736,119.0,0,2110.0
432981000,1719065148,-16.200451,119.480469,120.0,0,2090.0
432981000,1719065159,-16.200933,119.480186,120.0,0,2090.0
432981000,1719065168,-16.201418,119.479881,121.0,0,2090.0
432981000,1719065178,-16.2019,119.479614,120.0,0,2090.0
432981000,1719065181,-16.2019,119.479614,120.0,0,2090.0
432981000,1719065189,-16.202417,119.479301,119.0,0,2090.0
432981000,1719065199,-16.2029,119.478996,120.0,0,2100.0
432981000,1719065208,-16.203333,119.478729,121.0,0,2090.0
432981000,1719065219,-16.203867,119.478416,120.0,0,2100.0
432981000,1719065228,-16.204283,119.478149,119.0,0,2080.0
432981000,1719065238,-16.204782,119.477867,119.0,0,2090.0
432981000,1719065240,-16.204782,119.477867,119.0,0,2090.0
432981000,1719065249,-16.205299,119.477547,119.0,0,2090.0
432981000,1719065258,-16.205683,119.477318,119.0,0,2100.0
432981000,1719065269,-16.206318,119.476952,118.0,0,2100.0
432981000,1719065279,-16.206751,119.476685,117.0,0,2100.0
432981000,1719065288,-16.207184,119.476433,119.0,0,2090.0
432981000,1719065318,-16.208633,119.475548,119.0,0,2090.0
432981000,1719065319,-16.208633,119.475548,119.0,0,2090.0
432981000,1719065329,-16.209167,119.475235,119.0,0,2090.0
432981000,1719065378,-16.2115,119.473816,118.0,0,2090.0
432981000,1719065389,-16.212049,119.473503,119.0,0,2090.0
432981000,1719065399,-16.212534,119.473213,119.0,0,2100.0
432981000,1719065429,-16.213966,119.472366,120.0,0,2100.0
432981000,1719065438,-16.214399,119.472099,119.0,0,2100.0
432981000,1719065449,-16.214951,119.471786,120.0,0,2090.0
432981000,1719065479,-16.216433,119.470901,120.0,0,2090.0
432981000,1719065498,-16.217318,119.470383,119.0,0,2090.0
432981000,1719065539,-16.219299,119.4692,120.0,0,2100.0
432981000,1719065649,-16.224583,119.466019,120.0,0,2090.0
432981000,1719065650,-16.224583,119.466019,120.0,0,2090.0
432981000,1719065842,-16.233883,119.460434,121.0,0,2110.0
432981000,1719065849,-16.234383,119.460152,121.0,0,2110.0
432981000,1719065963,-16.2397,119.456932,121.0,0,2100.0
432981000,1719066209,-16.2519,119.4496,122.0,0,2090.0
432981000,1719066369,-16.2598,119.444885,122.0,0,2100.0
432981000,1719066418,-16.262266,119.443398,121.0,0,2090.0
432981000,1719066478,-16.265217,119.441635,122.0,0,2090.0
432981000,1719066483,-16.265217,119.441635,122.0,0,2090.0
432981000,1719066488,-16.265699,119.441353,122.0,0,2090.0
432981000,1719066519,-16.267233,119.44043,121.0,0,2090.0
432981000,1719066528,-16.267668,119.44017,122.0,0,2090.0
432981000,1719066548,-16.268618,119.439613,121.0,0,2080.0
432981000,1719066668,-16.2745,119.436134,123.0,0,2090.0
432981000,1719066689,-16.2756,119.435501,123.0,0,2090.0
432981000,1719066699,-16.276117,119.435204,122.0,0,2080.0
432981000,1719066708,-16.276567,119.434952,121.0,0,2090.0
432981000,1719066920,-16.287018,119.42878,123.0,0,2080.0
432981000,1719066965,-16.28895,119.427666,123.0,0,2080.0
432981000,1719067220,-16.3018,119.420036,120.0,0,2100.0
432981000,1719067435,-16.312,119.413986,118.0,0,2080.0
432981000,1719067524,-16.316366,119.4114,119.0,0,2080.0
432981000,1719067838,-16.331766,119.402351,119.0,0,2090.0
432981000,1719067858,-16.332666,119.401817,119.0,0,2090.0
432981000,1719068018,-16.340433,119.397316,120.0,0,2080.0
432981000,1719068118,-16.345234,119.394501,117.0,0,2100.0
432981000,1719068129,-16.345751,119.39418,118.0,0,2080.0
432981000,1719068149,-16.346649,119.393646,118.0,0,2080.0
432981000,1719068238,-16.350967,119.391136,118.0,0,2080.0
432981000,1719068259,-16.351917,119.390564,118.0,0,2100.0
432981000,1719068289,-16.353399,119.389687,117.0,0,2090.0
432981000,1719068298,-16.353884,119.389397,118.0,0,2090.0
432981000,1719068591,-16.367783,119.381371,118.0,0,2100.0
432981000,1719068739,-16.37505,119.377151,118.0,0,2080.0
432981000,1719068809,-16.378384,119.375252,119.0,0,2080.0
432981000,1719068859,-16.380867,119.373848,119.0,0,2080.0
432981000,1719069079,-16.391483,119.367767,116.0,0,2090.0
432981000,1719069085,-16.391483,119.367767,116.0,0,2090.0
432981000,1719069089,-16.391968,119.3675,117.0,0,2090.0
432981000,1719069168,-16.395718,119.365364,118.0,0,2080.0
432981000,1719069238,-16.399151,119.363403,119.0,0,2080.0
432981000,1719069248,-16.399584,119.363167,119.0,0,2080.0
432981000,1719069264,-16.400167,119.362846,118.0,0,2070.0
432981000,1719069298,-16.402,119.361801,118.0,0,2090.0
432981000,1719069383,-16.405884,119.35952,120.0,0,2070.0
432981000,1719069532,-16.413067,119.355286,117.0,0,2080.0
432981000,1719069609,-16.416918,119.352997,117.0,0,2100.0
432981000,1719069995,-16.435049,119.342598,117.0,0,2090.0
432981000,1719070073,-16.438833,119.340431,117.0,0,2100.0
432981000,1719070618,-16.465134,119.325302,117.0,0,2090.0
432981000,1719070741,-16.47085,119.321968,115.0,0,2110.0
432981000,1719071021,-16.48415,119.314346,115.0,0,2080.0
432981000,1719071051,-16.485518,119.313568,115.0,0,2080.0
432981000,1719071479,-16.504999,119.302086,114.0,0,2090.0
432981000,1719071601,-16.51095,119.298599,113.0,0,2080.0
432981000,1719071630,-16.512318,119.297798,113.0,0,2090.0
432981000,1719071932,-16.525867,119.28978,111.0,0,2110.0
432981000,1719072302,-16.542299,119.279564,111.0,0,2110.0
432981000,1719072594,-16.555067,119.271248,111.0,0,2100.0
432981000,1719072651,-16.557716,119.269516,112.0,0,2140.0
432981000,1719072812,-16.56465,119.264847,112.0,0,2130.0
432981000,1719073051,-16.575333,119.257919,113.0,0,2110.0
432981000,1719073264,-16.5847,119.251915,115.0,0,2120.0
432981000,1719073294,-16.586082,119.251015,112.0,0,2100.0
432981000,1719073524,-16.59635,119.2444,114.0,0,2110.0
432981000,1719074002,-16.618134,119.230904,113.0,0,2110.0
432981000,1719074307,-16.631933,119.222969,112.0,0,2080.0
432981000,1719074374,-16.635134,119.221184,112.0,0,2090.0
432981000,1719074641,-16.647617,119.214218,113.0,0,2070.0
432981000,1719074853,-16.657333,119.208771,113.0,0,2060.0
432981000,1719074881,-16.658833,119.207932,113.0,0,2070.0
432981000,1719075162,-16.671783,119.200668,113.0,0,2080.0
432981000,1719075169,-16.672251,119.200401,112.0,0,2090.0
432981000,1719075535,-16.688868,119.191132,113.0,0,2080.0
432981000,1719075556,-16.6898,119.19062,113.0,0,2080.0
