563043700,1647811414,1.690393,101.446701,31.0,15,840.0
563043700,1647811692,1.690943,101.452293,64.0,15,850.0
563043700,1647812532,1.69194,101.490616,115.0,15,960.0
563043700,1647812692,1.690505,101.499008,115.0,15,990.0
563043700,1647813502,1.678712,101.541214,115.0,15,1090.0
563043700,1647814402,1.670338,101.587555,118.0,15,890.0
563043700,1647814413,1.670372,101.58815,118.0,15,860.0
563043700,1647815464,1.677512,101.646988,124.0,15,820.0
563043700,1647815674,1.679612,101.658852,124.0,15,760.0
563043700,1647817133,1.68972,101.740181,123.0,15,990.0
563043700,1647817794,1.680347,101.77668,123.0,15,1100.0
563043700,1647818033,1.67523,101.789505,126.0,15,1180.0
563043700,1647818935,1.647555,101.834488,128.0,15,1270.0
563043700,1647820551,1.59137,101.912041,105.0,15,410.0
563043700,1647820754,1.598388,101.913231,104.0,15,3460.0
563043700,1647821654,1.6478,101.895164,128.0,15,3390.0
563043700,1647822243,1.680148,101.882858,125.0,15,3390.0
563043700,1647822435,1.690543,101.878883,124.0,15,3390.0
563043700,1647822564,1.697588,101.876175,124.0,15,3390.0
563043700,1647823144,1.729258,101.865341,126.0,15,3440.0
563043700,1647824213,1.793478,101.852844,128.0,15,3520.0
563043700,1647824256,1.793478,101.852844,128.0,15,3520.0
563043700,1647824374,1.800415,101.85183,127.0,15,3520.0
563043700,1647825293,1.853955,101.844948,127.0,15,3530.0
563043700,1647825854,1.882768,101.842041,84.0,15,3530.0
563043700,1647827103,1.92155,101.851028,115.0,15,320.0
563043700,1647827465,1.93835,101.863243,132.0,15,430.0
563043700,1647828926,2.00459,101.92701,141.0,15,410.0
563043700,1647828985,2.007555,101.929619,141.0,15,420.0
563043700,1647829099,2.013082,101.934486,140.0,15,420.0
563043700,1647830288,2.07131,101.985985,140.0,15,420.0
563043700,1647830358,2.074853,101.989159,140.0,15,420.0
563043700,1647830983,2.105582,102.014709,132.0,15,260.0
563043700,1647831193,2.117777,102.01564,126.0,15,3540.0
563043700,1647832232,2.172678,101.992134,125.0,15,3250.0
563043700,1647832702,2.191642,101.97258,127.0,15,3120.0
563043700,1647833983,2.241712,101.915665,130.0,15,3080.0
563043700,1647834282,2.252962,101.901169,133.0,15,3090.0
563043700,1647834333,2.254893,101.898842,134.0,15,3100.0
563043700,1647834923,2.278453,101.870552,136.0,15,3090.0
563043700,1647835414,2.297772,101.846565,136.0,15,3090.0
563043700,1647835833,2.314188,101.825905,136.0,15,3080.0
563043700,1647836318,2.333148,101.801346,140.0,15,3080.0
563043700,1647837013,2.361123,101.765091,143.0,15,3080.0
563043700,1647839048,2.443125,101.656593,145.0,15,3040.0
563043700,1647839096,2.444925,101.653946,145.0,15,3040.0
563043700,1647840361,2.494673,101.583961,150.0,15,3080.0
563043700,1647840646,2.507162,101.568321,151.0,15,3080.0
563043700,1647841667,2.554282,101.513847,153.0,15,3120.0
563043700,1647842097,2.574965,101.490974,154.0,15,3120.0
563043700,1647842359,2.58723,101.477226,155.0,15,3120.0
563043700,1647843002,2.610993,101.437645,156.0,15,2970.0
563043700,1647843884,2.639628,101.38028,159.0,15,2970.0
563043700,1647844404,2.656955,101.345627,162.0,15,2960.0
563043700,1647844796,2.669642,101.31974,158.0,15,2960.0
563043700,1647845281,2.685475,101.287888,160.0,15,2960.0
563043700,1647845384,2.688872,101.281097,160.0,15,2960.0
563043700,1647845683,2.699063,101.261063,163.0,15,2970.0
563043700,1647846301,2.720362,101.220016,161.0,15,2970.0
563043700,1647846807,2.737925,101.186279,159.0,15,2970.0
563043700,1647847495,2.760678,101.141983,156.0,15,2970.0
563043700,1647848606,2.796202,101.071968,149.0,15,2960.0
563043700,1647849329,2.818313,101.026917,150.0,15,2960.0
563043700,1647849402,2.820542,101.022392,150.0,15,2960.0
563043700,1647850092,2.844132,100.982193,146.0,0,3151.0
563043700,1647850517,2.86526,100.962158,142.0,15,3160.0
563043700,1647850779,2.877452,100.950272,137.0,15,3160.0
563043700,1647851432,2.908252,100.922615,136.0,15,3210.0
563043700,1647852044,2.937947,100.898384,134.0,15,3200.0
563043700,1647852124,2.941803,100.89521,133.0,15,3210.0
563043700,1647853033,2.982047,100.858414,124.0,15,3150.0
563043700,1647853245,2.990703,100.849922,124.0,15,3150.0
563043700,1647853522,3.002145,100.838821,124.0,15,3160.0
563043700,1647853604,3.005542,100.83577,123.0,15,3180.0
563043700,1647854092,3.026428,100.818062,121.0,15,3200.0
563043700,1647854763,3.055938,100.793159,127.0,15,3190.0
563043700,1647855342,3.082355,100.770485,134.0,15,3190.0
563043700,1647855695,3.09867,100.75592,136.0,15,3150.0
563043700,1647855955,3.11019,100.744164,137.0,15,3140.0
563043700,1647856273,3.124225,100.729698,136.0,15,3140.0
563043700,1647856595,3.138138,100.715034,137.0,15,3120.0
563043700,1647856625,3.13938,100.713692,136.0,15,3130.0
563043700,1647856855,3.149235,100.70298,136.0,15,3120.0
563043700,1647857330,3.169377,100.681061,133.0,15,3120.0
563043700,1647857955,3.197728,100.655342,133.0,15,3160.0
563043700,1647858674,3.229028,100.623924,134.0,15,3160.0
563043700,1647858994,3.24375,100.61068,133.0,15,3230.0
563043700,1647859075,3.247807,100.607841,134.0,15,3270.0
563043700,1647859125,3.250353,100.606232,134.0,15,3290.0
563043700,1647859471,3.26973,100.595886,134.0,15,3320.0
563043700,1647859584,3.275702,100.592751,134.0,15,3320.0
563043700,1647859904,3.292372,100.582115,132.0,15,3190.0
563043700,1647860274,3.307948,100.565926,131.0,15,3120.0
563043700,1647860333,3.310332,100.563232,132.0,15,3110.0
563043700,1647860800,3.329047,100.540848,133.0,15,3090.0
563043700,1647860946,3.33457,100.534195,134.0,15,3090.0
563043700,1647861301,3.348642,100.516914,132.0,15,3080.0
563043700,1647861713,3.364277,100.497253,133.0,15,3070.0
563043700,1647861935,3.372543,100.486481,133.0,15,3080.0
563043700,1647862210,3.383552,100.473137,134.0,15,3140.0
563043700,1647862324,3.388463,100.468315,132.0,15,3180.0
563043700,1647862614,3.40213,100.456657,134.0,15,3190.0
563043700,1647863015,3.420928,100.439583,139.0,15,3170.0
563043700,1647864014,3.469733,100.396011,139.0,15,3180.0
563043700,1647864271,3.482128,100.385139,139.0,15,3190.0
563043700,1647864468,3.491303,100.37706,139.0,0,3190.0
563043700,1647864593,3.497632,100.371681,139.0,15,3190.0
563043700,1647864676,3.501793,100.368088,139.0,15,3190.0
563043700,1647865336,3.53396,100.339874,140.0,15,3180.0
563043700,1647865555,3.544452,100.330536,141.0,15,3180.0
563043700,1647865668,3.550002,100.3256,141.0,15,3180.0
563043700,1647866255,3.578577,100.298576,144.0,15,3160.0
563043700,1647866629,3.596445,100.281509,146.0,15,3160.0
563043700,1647866845,3.607015,100.271492,146.0,15,3160.0
563043700,1647867160,3.622642,100.256531,146.0,15,3160.0
563043700,1647867632,3.645668,100.233574,147.0,15,3140.0
563043700,1647867906,3.658688,100.219894,148.0,15,3130.0
563043700,1647869286,3.730252,100.158333,149.0,15,3060.0
563043700,1647869879,3.754718,100.125885,149.0,15,3060.0
563043700,1647870506,3.784887,100.093979,152.0,15,3190.0
563043700,1647870696,3.794872,100.085503,153.0,15,3200.0
563043700,1647871465,3.836308,100.049515,155.0,15,3170.0
563043700,1647872376,3.882785,100.002251,157.0,15,3110.0
563043700,1647873149,3.922115,99.96212,156.0,15,3160.0
563043700,1647873276,3.928872,99.955788,157.0,15,3160.0
563043700,1647874051,3.970127,99.916885,158.0,15,3160.0
563043700,1647874368,3.987077,99.90065,158.0,15,3160.0
563043700,1647875038,4.022408,99.86689,156.0,15,3160.0
563043700,1647875323,4.037147,99.852814,153.0,15,3170.0
563043700,1647875754,4.058832,99.831818,152.0,15,3160.0
563043700,1647876168,4.08008,99.811661,153.0,15,3160.0
563043700,1647876384,4.091453,99.801071,154.0,15,3170.0
563043700,1647876661,4.105277,99.787331,150.0,15,3070.0
563043700,1647876674,4.105745,99.786667,150.0,15,3050.0
563043700,1647877068,4.112725,99.761063,148.0,15,2760.0
563043700,1647877750,4.112607,99.714165,149.0,15,2650.0
563043700,1647878198,4.109073,99.685989,141.0,15,2470.0
563043700,1647878880,4.08671,99.645042,145.0,15,2400.0
563043700,1647878925,4.085092,99.642235,145.0,0,2404.0
563043700,1647879145,4.07789,99.629395,148.0,15,2460.0
563043700,1647879484,4.071852,99.607155,147.0,0,2550.0
563043700,1647879677,4.069175,99.593918,147.0,15,2680.0
563043700,1647879840,4.069813,99.582817,147.0,15,2780.0
563043700,1647880564,4.077412,99.53437,145.0,15,2780.0
563043700,1647880578,4.077545,99.533516,145.0,15,2780.0
563043700,1647882011,4.058402,99.441803,146.0,15,2560.0
563043700,1647882516,4.051112,99.408653,144.0,15,2580.0
563043700,1647882937,4.045103,99.381134,144.0,15,2570.0
563043700,1647885259,4.025215,99.230751,138.0,15,2600.0
563043700,1647885658,4.02092,99.205597,137.0,15,2600.0
563043700,1647886970,4.00342,99.123314,137.0,15,2580.0
563043700,1647887522,3.995902,99.08918,138.0,15,2580.0
563043700,1647887771,3.992637,99.073502,138.0,15,2590.0
563043700,1647887952,3.990245,99.062302,137.0,15,2580.0
563043700,1647888802,3.979653,99.013329,113.0,15,2570.0
563043700,1647890483,3.963757,98.945724,56.0,15,2590.0
563043700,1647891350,3.960935,98.935089,18.0,15,2600.0
563043700,1647893241,3.969998,98.858978,111.0,15,2460.0
563043700,1647894081,3.94388,98.828979,79.0,15,2300.0
563043700,1647894520,3.935707,98.816772,71.0,15,2400.0
563043700,1647895891,3.917777,98.782516,35.0,15,2370.0
563043700,1647896791,3.913078,98.772621,20.0,15,2480.0
563043700,1647898945,3.913387,98.770355,1.0,15,2410.0
563043700,1647899845,3.913768,98.770256,1.0,15,380.0
563043700,1647900746,3.913423,98.770264,1.0,15,440.0
563043700,1647902726,3.91371,98.770332,1.0,15,3590.0
563043700,1647903806,3.914098,98.770241,0.0,15,250.0
563043700,1647904885,3.914563,98.770111,1.0,15,3150.0
563043700,1647904886,3.914563,98.770111,1.0,15,3150.0
563043700,1647905785,3.915193,98.769569,2.0,15,3120.0
563043700,1647908665,3.915605,98.768456,2.0,15,2680.0
563043700,1647911006,3.915443,98.767952,1.0,15,2480.0
563043700,1647914066,3.915488,98.767754,1.0,15,2020.0
563043700,1647914427,3.915475,98.7677,1.0,15,2230.0
563043700,1647916946,3.915458,98.767593,0.0,15,940.0
563043700,1647918028,3.915465,98.767654,0.0,15,860.0
563043700,1647919288,3.915385,98.767494,5.0,15,580.0
563043700,1647919466,3.91544,98.767632,0.0,15,820.0
563043700,1647921046,3.915553,98.767891,0.0,15,720.0
563043700,1647921088,3.915528,98.76786,0.0,15,700.0
563043700,1647921986,3.91562,98.76799,0.0,15,610.0
563043700,1647922886,3.915598,98.767975,0.0,15,2460.0
563043700,1647923965,3.915605,98.768021,0.0,15,3170.0
563043700,1647925766,3.915547,98.768044,0.0,15,480.0
563043700,1647928106,3.915132,98.767807,1.0,15,1900.0
563043700,1647929186,3.91462,98.767166,2.0,15,2200.0
563043700,1647930086,3.913292,98.7668,5.0,15,1630.0
563043700,1647931166,3.912295,98.768105,1.0,15,100.0
563043700,1647932246,3.91241,98.768425,0.0,15,1070.0
563043700,1647934226,3.912523,98.768845,0.0,15,1470.0
563043700,1647935306,3.912533,98.768814,1.0,15,3520.0
563043700,1647936206,3.912593,98.768784,1.0,15,2560.0
563043700,1647937286,3.912442,98.768867,1.0,15,1390.0
563043700,1647937647,3.912385,98.768929,1.0,15,1080.0
563043700,1647939086,3.912363,98.76902,1.0,15,2240.0
563043700,1647939627,3.912292,98.768745,1.0,15,2590.0
563043700,1647940166,3.912318,98.768639,0.0,15,2490.0
563043700,1647941246,3.912273,98.7686,0.0,15,2770.0
563043700,1647941427,3.912327,98.768631,0.0,15,910.0
563043700,1647942326,3.91231,98.768471,1.0,15,2550.0
563043700,1647943226,3.912365,98.768242,1.0,15,3080.0
563043700,1647943946,3.912437,98.767838,1.0,15,2450.0
563043700,1647945206,3.912562,98.76696,3.0,15,2740.0
563043700,1647946286,3.912408,98.767159,3.0,15,1320.0
563043700,1647947186,3.912533,98.76725,2.0,15,3060.0
563043700,1647948084,3.91303,98.766663,1.0,15,1260.0
563043700,1647950246,3.913787,98.766365,1.0,15,3450.0
563043700,1647950787,3.914242,98.766449,1.0,15,3560.0
563043700,1647950964,3.914298,98.766449,1.0,15,1790.0
563043700,1647956364,3.914737,98.766617,0.0,15,190.0
563043700,1647956727,3.914733,98.766609,0.0,15,2370.0
563043700,1647961586,3.915068,98.766945,2.0,15,2050.0
563043700,1647962305,3.915025,98.766853,1.0,15,0.0
563043700,1647963566,3.915002,98.766838,1.0,15,440.0
563043700,1647964467,3.91509,98.766876,0.0,15,320.0
563043700,1647967886,3.915008,98.766846,0.0,15,270.0
563043700,1647971127,3.915432,98.767792,1.0,15,710.0
563043700,1647971306,3.915453,98.767746,1.0,15,2440.0
563043700,1647978348,3.913758,98.770103,1.0,15,1390.0
563043700,1647979226,3.913773,98.770157,0.0,15,1530.0
563043700,1647980126,3.913723,98.770058,1.0,15,1790.0
563043700,1647980485,3.91365,98.770111,1.0,15,1780.0
563043700,1647981026,3.91355,98.770027,1.0,15,1840.0
563043700,1647982466,3.913312,98.770035,0.0,15,1500.0
563043700,1647984807,3.913273,98.769989,1.0,15,290.0
563043700,1647986426,3.913675,98.770126,0.0,15,230.0
563043700,1647988226,3.913988,98.770096,1.0,15,3280.0
563043700,1647989306,3.914242,98.770119,1.0,15,1900.0
563043700,1647991104,3.914713,98.76973,1.0,15,1530.0
563043700,1647991827,3.914835,98.769699,1.0,15,2500.0
563043700,1647993987,3.915582,98.768707,2.0,15,2700.0
563043700,1647995066,3.915615,98.768044,1.0,15,2730.0
563043700,1647995966,3.915558,98.767723,1.0,15,1400.0
563043700,1647998126,3.915508,98.767593,1.0,15,2760.0
563043700,1647999026,3.915518,98.767525,0.0,15,2380.0
563043700,1648001006,3.915478,98.767426,1.0,15,2090.0
563043700,1648002806,3.915282,98.767365,1.0,15,2480.0
563043700,1648003886,3.915313,98.767334,1.0,15,2960.0
563043700,1648004787,3.915365,98.767296,1.0,15,1330.0
563043700,1648095506,3.91557,98.76757,1.0,15,680.0
563043700,1648095508,3.91557,98.76757,1.0,15,680.0
563043700,1648096408,3.915475,98.767609,1.0,15,2040.0
563043700,1648098036,3.91532,98.767677,1.0,15,150.0
563043700,1648098388,3.915262,98.767555,1.0,15,510.0
563043700,1648098747,3.91526,98.767502,1.0,15,2190.0
563043700,1648100007,3.915033,98.767342,1.0,15,1710.0
563043700,1648101086,3.914498,98.767105,1.0,15,690.0
563043700,1648102704,3.912348,98.768028,5.0,15,1320.0
563043700,1648105226,3.91239,98.769356,1.0,15,3470.0
563043700,1648105588,3.912345,98.769409,0.0,15,1090.0
563043700,1648107386,3.91222,98.769119,1.0,15,1520.0
563043700,1648107388,3.91222,98.769119,1.0,15,1520.0
563043700,1648108646,3.912387,98.769424,1.0,15,2070.0
563043700,1648108648,3.912387,98.769424,1.0,15,2070.0
563043700,1648109546,3.912407,98.769455,1.0,15,580.0
563043700,1648109547,3.912407,98.769455,1.0,15,580.0
563043700,1648109548,3.912407,98.769455,1.0,15,580.0
563043700,1648110626,3.912373,98.769409,0.0,15,780.0
563043700,1648110627,3.912373,98.769409,0.0,15,780.0
563043700,1648110628,3.912373,98.769409,0.0,15,780.0
563043700,1648112426,3.912382,98.769417,0.0,15,1200.0
563043700,1648112428,3.912382,98.769417,0.0,15,1200.0
563043700,1648113327,3.912258,98.769203,1.0,15,2440.0
563043700,1648113328,3.912258,98.769203,1.0,15,2440.0
563043700,1648114406,3.91225,98.769173,2.0,15,2340.0
563043700,1648114951,3.912298,98.769226,1.0,15,130.0
563043700,1648115487,3.912208,98.769142,0.0,15,2100.0
563043700,1648116567,3.912288,98.769135,1.0,15,2580.0
563043700,1648116749,3.912277,98.769089,1.0,15,2070.0
563043700,1648117645,3.912233,98.769165,1.0,15,1580.0
563043700,1648117648,3.912233,98.769165,1.0,15,1580.0
563043700,1648118547,3.912268,98.768974,1.0,15,1780.0
563043700,1648118726,3.912147,98.768959,1.0,15,1850.0
563043700,1648118728,3.912147,98.768959,1.0,15,1850.0
563043700,1648119447,3.912268,98.76899,1.0,15,1960.0
563043700,1648119628,3.912203,98.768967,1.0,15,2300.0
563043700,1648120526,3.912207,98.768913,0.0,15,170.0
563043700,1648120706,3.912285,98.768829,2.0,15,2800.0
563043700,1648121242,3.91212,98.768669,2.0,15,1460.0
563043700,1648121427,3.912138,98.768806,2.0,15,740.0
563043700,1648121786,3.912338,98.76902,1.0,15,540.0
563043700,1648122866,3.912283,98.768936,2.0,15,1600.0
563043700,1648123588,3.912253,98.769142,1.0,15,500.0
563043700,1648125567,3.912257,98.768951,1.0,15,1670.0
563043700,1648126106,3.912315,98.769043,1.0,15,1710.0
563043700,1648126471,3.912375,98.769119,1.0,15,2210.0
563043700,1648132769,3.91509,98.767433,1.0,15,660.0
563043700,1648134205,3.915252,98.767532,0.0,15,1890.0
563043700,1648134917,3.91525,98.76738,1.0,15,2890.0
563043700,1648136008,3.914942,98.767166,0.0,15,2460.0
563043700,1648136906,3.915142,98.767448,1.0,15,290.0
563043700,1648137809,3.915197,98.767456,0.0,15,230.0
563043700,1648138889,3.91523,98.767876,2.0,15,710.0
563043700,1648139066,3.915297,98.76796,1.0,15,650.0
563043700,1648139786,3.915418,98.768341,2.0,15,870.0
563043700,1648139968,3.915462,98.76844,1.0,15,980.0
563043700,1648141048,3.915188,98.7687,1.0,15,2240.0
563043700,1648142126,3.91532,98.768532,1.0,15,3410.0
563043700,1648143026,3.915288,98.768723,2.0,15,1410.0
563043700,1648143747,3.91526,98.769005,1.0,15,830.0
563043700,1648144288,3.915453,98.769424,2.0,15,710.0
563043700,1648145368,3.91564,98.769402,2.0,15,3130.0
563043700,1648146269,3.915873,98.76899,1.0,15,2680.0
563043700,1648146986,3.915593,98.769463,3.0,15,1260.0
563043700,1648147348,3.915472,98.769745,1.0,15,1190.0
563043700,1648148967,3.914763,98.770233,2.0,15,2050.0
563043700,1648150047,3.913815,98.770218,1.0,15,1430.0
563043700,1648150409,3.913555,98.770264,2.0,15,1580.0
563043700,1648150766,3.913333,98.770073,3.0,15,2270.0
563043700,1648151127,3.913155,98.769875,2.0,15,2190.0
563043700,1648151489,3.913003,98.769867,1.0,15,1860.0
563043700,1648151846,3.912888,98.769836,1.0,15,2170.0
563043700,1648152207,3.91295,98.769814,0.0,15,1060.0
563043700,1648152569,3.91303,98.769844,1.0,15,1190.0
563043700,1648153287,3.91315,98.770042,0.0,15,3260.0
563043700,1648153648,3.913217,98.770004,0.0,15,2320.0
563043700,1648154546,3.913242,98.770065,0.0,15,2240.0
563043700,1648154728,3.913213,98.770035,1.0,15,2170.0
563043700,1648155626,3.91307,98.769981,0.0,15,650.0
563043700,1648157788,3.91254,98.769867,2.0,15,1720.0
563043700,1648158687,3.912897,98.77002,1.0,15,1980.0
563043700,1648158688,3.912897,98.77002,1.0,15,1980.0
563043700,1648158866,3.912882,98.769989,1.0,15,2000.0
563043700,1648159769,3.91292,98.770027,1.0,15,830.0
563043700,1648160846,3.912847,98.769958,1.0,15,1640.0
563043700,1648161027,3.912723,98.76992,1.0,15,2060.0
563043700,1648161389,3.91276,98.769936,0.0,15,190.0
563043700,1648161926,3.912857,98.769958,1.0,15,1560.0
563043700,1648161927,3.912857,98.769958,1.0,15,1560.0
563043700,1648163007,3.912743,98.769928,0.0,15,1590.0
563043700,1648163548,3.912772,98.769997,1.0,15,1570.0
563043700,1648164086,3.91295,98.770058,0.0,15,1570.0
563043700,1648164087,3.91295,98.770058,0.0,15,1570.0
563043700,1648164809,3.912932,98.77005,1.0,15,1720.0
563043700,1648167327,3.912732,98.769936,1.0,15,950.0
563043700,1648167688,3.91275,98.769897,1.0,15,1180.0
563043700,1648168226,3.912782,98.769897,1.0,15,2490.0
563043700,1648168406,3.912772,98.769875,1.0,15,680.0
563043700,1648168588,3.912835,98.769905,1.0,15,0.0
563043700,1648170206,3.91326,98.770126,0.0,15,40.0
563043700,1648170387,3.913258,98.770111,1.0,15,2430.0
563043700,1648173266,3.91407,98.770226,0.0,15,1910.0
563043700,1648173448,3.914165,98.770256,2.0,15,3550.0
563043700,1648174166,3.914487,98.770195,1.0,15,240.0
563043700,1648175246,3.914772,98.769882,2.0,15,3360.0
563043700,1648176688,3.915545,98.769196,2.0,15,3110.0
563043700,1648177589,3.915595,98.768738,0.0,15,3120.0
563043700,1648179027,3.91544,98.768105,0.0,15,2880.0
563043700,1648180465,3.9154,98.76786,1.0,15,2710.0
563043700,1648181368,3.915312,98.767555,0.0,15,2860.0
563043700,1648181907,3.915208,98.767586,1.0,15,1950.0
563043700,1648182987,3.915307,98.767555,1.0,15,280.0
563043700,1648183164,3.915267,98.76757,1.0,15,540.0
563043700,1648186588,3.915133,98.767494,1.0,15,1730.0
563043700,1648187669,3.914865,98.767426,1.0,15,2650.0
563043700,1648188567,3.914565,98.767227,1.0,15,2220.0
563043700,1648189466,3.913927,98.767143,1.0,15,1690.0
563043700,1648189648,3.913763,98.767166,1.0,15,1810.0
563043700,1648189826,3.913568,98.767136,1.0,15,1670.0
563043700,1648190366,3.913127,98.767227,1.0,15,1130.0
563043700,1648191447,3.912345,98.768044,2.0,15,1320.0
563043700,1648191805,3.912168,98.76825,2.0,15,1020.0
563043700,1648192527,3.912188,98.768814,0.0,15,1710.0
563043700,1648193425,3.912253,98.769142,0.0,15,2480.0
563043700,1648193429,3.912253,98.769142,0.0,15,2480.0
563043700,1648193787,3.912292,98.769218,0.0,15,1620.0
563043700,1648194509,3.912245,98.769287,1.0,15,310.0
563043700,1648195589,3.912387,98.769447,1.0,15,710.0
563043700,1648195947,3.912357,98.769508,1.0,15,1260.0
563043700,1648198649,3.912357,98.769501,1.0,15,2570.0
563043700,1648200087,3.912257,98.769325,1.0,15,2510.0
563043700,1648200809,3.912265,98.769333,0.0,15,460.0
563043700,1648201706,3.912265,98.769325,0.0,15,330.0
563043700,1648202788,3.912275,98.769241,1.0,15,1410.0
563043700,1648202968,3.912268,98.769234,1.0,15,1830.0
563043700,1648203686,3.912138,98.769066,2.0,15,2000.0
563043700,1648204768,3.912142,98.769104,1.0,15,1940.0
563043700,1648205847,3.912187,98.769135,1.0,15,2120.0
563043700,1648206209,3.912143,98.769112,1.0,15,2170.0
563043700,1648206927,3.912157,98.768967,1.0,15,1160.0
563043700,1648207289,3.91217,98.769096,0.0,15,1360.0
563043700,1648207646,3.912197,98.768951,1.0,15,2370.0
563043700,1648207827,3.912145,98.768883,1.0,15,2200.0
563043700,1648208546,3.912213,98.769005,1.0,15,2730.0
563043700,1648208728,3.912173,98.768913,2.0,15,2470.0
563043700,1648209269,3.912013,98.7687,1.0,15,1280.0
563043700,1648209626,3.912182,98.769127,3.0,15,790.0
563043700,1648210527,3.911988,98.768913,2.0,15,1650.0
563043700,1648211606,3.912152,98.769234,1.0,15,1900.0
563043700,1648212147,3.912145,98.769218,2.0,15,2090.0
563043700,1648212509,3.912173,98.769196,1.0,15,690.0
563043700,1648213227,3.912188,98.769203,1.0,15,3010.0
563043700,1648213586,3.912147,98.769127,1.0,15,3460.0
563043700,1648213589,3.912147,98.769127,1.0,15,3460.0
563043700,1648214127,3.912185,98.769241,1.0,15,280.0
563043700,1648215569,3.91223,98.769287,1.0,15,2370.0
563043700,1648215927,3.912138,98.769188,1.0,15,2250.0
563043700,1648216466,3.912128,98.76899,1.0,15,2570.0
563043700,1648216469,3.912128,98.76899,1.0,15,2570.0
563043700,1648217546,3.912102,98.768936,0.0,15,2570.0
563043700,1648217727,3.912098,98.768967,0.0,15,2570.0
563043700,1648218446,3.91215,98.769089,1.0,15,1150.0
563043700,1648218807,3.912112,98.769066,1.0,15,1780.0
563043700,1648220246,3.912132,98.769226,4.0,15,1600.0
563043700,1648220429,3.912162,98.769188,1.0,15,3200.0
563043700,1648220607,3.912195,98.769173,0.0,15,3010.0
563043700,1648221325,3.912107,98.769051,1.0,15,2840.0
563043700,1648221329,3.912107,98.769051,1.0,15,2840.0
563043700,1648221687,3.912138,98.768967,1.0,15,3580.0
563043700,1648222226,3.912175,98.769081,1.0,15,450.0
563043700,1648222409,3.912267,98.769096,1.0,15,250.0
563043700,1648222768,3.91225,98.769241,1.0,15,700.0
563043700,1648223126,3.912392,98.769463,3.0,15,260.0
563043700,1648223309,3.912642,98.769547,4.0,15,180.0
563043700,1648223667,3.913323,98.769783,5.0,15,170.0
563043700,1648522951,2.848767,100.948563,109.0,15,1270.0
563043700,1648523498,2.830338,100.969734,112.0,0,1315.0
563043700,1648523539,2.828897,100.971352,112.0,15,1320.0
563043700,1648523780,2.820565,100.980583,112.0,0,1318.0
563043700,1648523856,2.817775,100.983673,112.0,15,1320.0
563043700,1648524570,2.797802,101.013962,112.0,15,1160.0
563043700,1648524689,2.79505,101.019554,112.0,0,1155.0
563043700,1648524759,2.79345,101.02282,112.0,15,1160.0
563043700,1648525660,2.773202,101.064598,110.0,15,1160.0
563043700,1648527177,2.73218,101.131157,111.0,15,1180.0
563043700,1648527489,2.724847,101.145424,112.0,15,1170.0
563043700,1648528952,2.687778,101.212509,113.0,15,1210.0
563043700,1648530229,2.65473,101.271133,116.0,15,1200.0
563043700,1648530411,2.64995,101.279556,116.0,15,1200.0
563043700,1648531296,2.625803,101.320595,117.0,15,1210.0
563043700,1648531350,2.624443,101.322884,117.0,15,1210.0
563043700,1648531706,2.615167,101.340004,118.0,15,1150.0
563043700,1648532917,2.585867,101.400246,122.0,15,1160.0
563043700,1648532959,2.584912,101.402222,121.0,15,1160.0
563043700,1648533950,2.55597,101.448479,118.0,15,1290.0
563043700,1648534426,2.539703,101.468681,115.0,15,1290.0
563043700,1648534851,2.525603,101.486046,114.0,15,1290.0
563043700,1648536580,2.465792,101.556679,120.0,15,1290.0
563043700,1648536661,2.462987,101.560097,121.0,15,1290.0
563043700,1648537151,2.445488,101.581863,124.0,15,1280.0
563043700,1648537530,2.432027,101.599068,123.0,15,1280.0
563043700,1648537791,2.42309,101.610855,124.0,0,1271.0
563043700,1648538019,2.415047,101.621376,124.0,15,1270.0
563043700,1648538096,2.412212,101.625076,124.0,15,1270.0
563043700,1648538139,2.410778,101.62693,125.0,15,1270.0
563043700,1648538170,2.409723,101.628288,125.0,15,1270.0
563043700,1648538448,2.398932,101.640526,127.0,15,1340.0
563043700,1648539289,2.363955,101.676758,130.0,15,1340.0
563043700,1648539301,2.363552,101.6772,130.0,15,1320.0
563043700,1648540291,2.331135,101.727486,133.0,15,1220.0
563043700,1648540631,2.318547,101.744186,133.0,15,1290.0
563043700,1648540888,2.308485,101.756752,135.0,15,1290.0
563043700,1648541180,2.296983,101.771156,136.0,15,1290.0
563043700,1648541706,2.275978,101.797173,137.0,15,1280.0
563043700,1648541769,2.27374,101.800011,136.0,15,1290.0
563043700,1648541799,2.272558,101.801506,137.0,15,1290.0
563043700,1648542220,2.255867,101.82222,136.0,15,1290.0
563043700,1648542796,2.233702,101.849663,131.0,0,1290.0
563043700,1648543019,2.224652,101.860779,130.0,15,1300.0
563043700,1648543021,2.224652,101.860779,130.0,15,1300.0
563043700,1648543419,2.208875,101.879005,134.0,15,1350.0
563043700,1648543878,2.188858,101.899315,134.0,15,1350.0
563043700,1648543931,2.186675,101.90152,134.0,15,1350.0
563043700,1648544301,2.170525,101.917931,134.0,15,1320.0
563043700,1648544600,2.15819,101.932091,135.0,15,1310.0
563043700,1648544915,2.145295,101.947327,135.0,15,1280.0
563043700,1648545044,2.140677,101.953354,136.0,0,1270.0
563043700,1648545356,2.128237,101.96981,136.0,15,1270.0
563043700,1648545960,2.105248,101.999977,139.0,0,1274.0
563043700,1648546664,2.07697,102.03624,141.0,15,1270.0
563043700,1648547622,2.037723,102.085625,143.0,15,1310.0
563043700,1648548111,2.016793,102.110207,143.0,15,1300.0
563043700,1648548216,2.012113,102.115662,144.0,15,1300.0
563043700,1648548271,2.009847,102.118317,144.0,15,1300.0
563043700,1648548998,1.979062,102.155113,142.0,15,1300.0
563043700,1648549477,1.958998,102.179359,142.0,0,1292.0
563043700,1648549511,1.957502,102.181206,143.0,0,1298.0
563043700,1648549896,1.941292,102.200722,144.0,0,1308.0
563043700,1648550417,1.918378,102.226677,143.0,0,1316.0
563043700,1648550828,1.90041,102.246964,143.0,15,1300.0
563043700,1648550856,1.899135,102.248489,143.0,15,1300.0
563043700,1648551247,1.884538,102.269531,143.0,15,1190.0
563043700,1648551723,1.869013,102.297104,143.0,15,1190.0
563043700,1648551740,1.868628,102.297791,143.0,15,1190.0
563043700,1648552740,1.837968,102.356361,142.0,15,1160.0
563043700,1648552957,1.831868,102.369141,142.0,15,1150.0
563043700,1648553541,1.815513,102.403923,144.0,15,1150.0
563043700,1648553663,1.812007,102.411491,145.0,15,1150.0
563043700,1648553862,1.806422,102.423462,143.0,15,1150.0
563043700,1648553895,1.805585,102.425262,143.0,15,1150.0
563043700,1648553952,1.803883,102.428902,142.0,15,1150.0
563043700,1648553958,1.803718,102.42926,142.0,15,1150.0
563043700,1648555376,1.764562,102.513626,141.0,15,1150.0
563043700,1648555663,1.756678,102.530342,141.0,15,1150.0
563043700,1648555852,1.751095,102.541504,142.0,15,1190.0
563043700,1648556208,1.73956,102.561729,142.0,15,1190.0
563043700,1648556586,1.729262,102.584167,141.0,15,1130.0
563043700,1648556682,1.726905,102.589958,140.0,15,1100.0
563043700,1648556768,1.72504,102.595032,141.0,15,1090.0
563043700,1648557216,1.714747,102.622681,143.0,15,1150.0
563043700,1648557531,1.705565,102.64151,142.0,15,1160.0
563043700,1648557967,1.69481,102.667496,141.0,15,1150.0
563043700,1648558296,1.68516,102.686516,140.0,15,1180.0
563043700,1648559420,1.651855,102.750771,140.0,15,1180.0
563043700,1648559750,1.640752,102.768753,139.0,15,1210.0
563043700,1648560166,1.62679,102.791672,139.0,15,1220.0
563043700,1648560296,1.6224,102.798805,139.0,15,1220.0
563043700,1648560345,1.620748,102.801498,138.0,15,1220.0
563043700,1648560697,1.60888,102.820496,136.0,15,1220.0
563043700,1648561138,1.59407,102.844116,137.0,15,1220.0
563043700,1648561346,1.587073,102.855293,137.0,15,1220.0
563043700,1648562217,1.5593,102.902901,137.0,15,1190.0
563043700,1648562545,1.548492,102.920776,139.0,15,1250.0
563043700,1648562746,1.540608,102.930634,138.0,15,1300.0
563043700,1648562875,1.535068,102.936829,139.0,15,1350.0
563043700,1648562990,1.529515,102.941544,139.0,15,1420.0
563043700,1648563769,1.492308,102.973366,131.0,15,1170.0
563043700,1648563832,1.490773,102.976456,135.0,15,1190.0
563043700,1648564013,1.48486,102.986061,133.0,15,1160.0
563043700,1648564507,1.477032,103.015198,136.0,15,1040.0
563043700,1648564745,1.47326,103.02977,134.0,15,1040.0
563043700,1648564952,1.470202,103.042305,134.0,15,1040.0
563043700,1648565205,1.464415,103.056793,135.0,15,1200.0
563043700,1648565366,1.458768,103.065186,135.0,15,1240.0
563043700,1648565456,1.455668,103.069893,134.0,15,1220.0
563043700,1648565497,1.454383,103.07196,133.0,15,1210.0
563043700,1648565775,1.445472,103.086884,134.0,15,1210.0
563043700,1648565987,1.438075,103.09845,134.0,15,1270.0
563043700,1648565991,1.438075,103.09845,134.0,15,1270.0
563043700,1648566270,1.42773,103.11171,134.0,15,1280.0
563043700,1648566313,1.425835,103.114159,134.0,15,1280.0
563043700,1648566623,1.413973,103.129211,134.0,15,1280.0
563043700,1648566734,1.40967,103.134621,134.0,15,1280.0
563043700,1648566740,1.409253,103.135101,134.0,15,1280.0
563043700,1648566844,1.405407,103.140099,134.0,15,1280.0
563043700,1648566977,1.400455,103.146317,133.0,15,1280.0
563043700,1648567195,1.391972,103.157066,134.0,15,1280.0
563043700,1648567572,1.376967,103.175346,135.0,15,1310.0
563043700,1648567853,1.365067,103.188271,137.0,15,1330.0
563043700,1648567912,1.362555,103.190979,135.0,15,1330.0
563043700,1648568145,1.352775,103.201591,133.0,15,1310.0
563043700,1648568216,1.350023,103.204826,133.0,15,1300.0
563043700,1648568254,1.348335,103.206787,133.0,15,1300.0
563043700,1648568436,1.341115,103.215157,133.0,15,1300.0
563043700,1648568437,1.341115,103.215157,133.0,15,1300.0
563043700,1648568497,1.338605,103.217934,134.0,15,1310.0
563043700,1648568984,1.317705,103.239792,133.0,15,1330.0
563043700,1648569018,1.31648,103.241096,133.0,15,1330.0
563043700,1648569089,1.313053,103.244759,133.0,15,1330.0
563043700,1648569673,1.288478,103.271004,133.0,15,1330.0
563043700,1648569736,1.286018,103.273666,133.0,15,1330.0
563043700,1648570001,1.274642,103.285889,133.0,15,1340.0
563043700,1648570043,1.272987,103.287628,133.0,15,1320.0
563043700,1648570187,1.267348,103.294273,132.0,15,1280.0
563043700,1648570283,1.26371,103.299179,131.0,15,1240.0
563043700,1648570344,1.261772,103.302208,131.0,15,1230.0
563043700,1648570355,1.261442,103.302719,131.0,15,1220.0
563043700,1648570714,1.249813,103.321465,133.0,0,1214.0
563043700,1648570716,1.249813,103.321465,133.0,0,1214.0
563043700,1648571187,1.234582,103.346046,132.0,15,1230.0
563043700,1648571266,1.23197,103.35025,132.0,15,1220.0
563043700,1648571532,1.223285,103.364304,131.0,15,1240.0
563043700,1648571805,1.21383,103.376923,123.0,0,1280.0
563043700,1648572193,1.200248,103.394035,122.0,0,1287.0
563043700,1648572196,1.200248,103.394035,122.0,0,1287.0
563043700,1648572252,1.200248,103.394035,122.0,0,1287.0
563043700,1648572765,1.181355,103.416977,95.0,0,1304.0
563043700,1648572869,1.178553,103.420227,92.0,15,1310.0
563043700,1648573045,1.173693,103.425819,88.0,0,1311.0
563043700,1648573196,1.169775,103.430374,85.0,0,1288.0
563043700,1648573305,1.167157,103.433762,83.0,0,1249.0
563043700,1648573306,1.167157,103.433762,83.0,0,1249.0
563043700,1648573336,1.167157,103.433762,83.0,0,1249.0
563043700,1648573406,1.165877,103.435638,83.0,0,1237.0
563043700,1648573614,1.160598,103.443604,83.0,0,1243.0
563043700,1648573615,1.160598,103.443604,83.0,0,1243.0
563043700,1648573633,1.160598,103.443604,83.0,0,1243.0
563043700,1648573907,1.15523,103.452904,81.0,0,1191.0
563043700,1648573921,1.15523,103.452904,81.0,0,1191.0
563043700,1648574027,1.15367,103.45575,79.0,0,1186.0
563043700,1648574173,1.150447,103.461548,80.0,0,1194.0
563043700,1648574176,1.150447,103.461548,80.0,0,1194.0
563043700,1648574194,1.150447,103.461548,80.0,0,1194.0
563043700,1648574293,1.148593,103.464821,80.0,0,1196.0
563043700,1648574336,1.147493,103.466743,80.0,0,1201.0
563043700,1648574455,1.14539,103.470558,80.0,0,1181.0
563043700,1648574464,1.14539,103.470558,80.0,0,1181.0
563043700,1648574547,1.14377,103.473473,79.0,0,1191.0
563043700,1648574627,1.142407,103.475891,78.0,0,1191.0
563043700,1648574725,1.14064,103.479027,79.0,0,1189.0
563043700,1648574727,1.14064,103.479027,79.0,0,1189.0
563043700,1648574865,1.13791,103.484138,100.0,0,1175.0
563043700,1648575083,1.132893,103.493919,114.0,0,1167.0
563043700,1648575092,1.132893,103.493919,114.0,0,1167.0
563043700,1648575098,1.132893,103.493919,114.0,0,1167.0
563043700,1648575165,1.131025,103.497604,114.0,0,1167.0
563043700,1648575313,1.127397,103.504784,115.0,0,1166.0
563043700,1648575386,1.125738,103.50811,116.0,0,1163.0
563043700,1648575446,1.124312,103.510933,115.0,0,1170.0
563043700,1648575506,1.122782,103.513771,116.0,0,1183.0
563043700,1648575566,1.12123,103.516594,116.0,0,1187.0
563043700,1648575623,1.119685,103.519417,116.0,0,1185.0
563043700,1648575765,1.116352,103.525429,97.0,0,1185.0
563043700,1648575930,1.113027,103.531319,86.0,0,1193.0
563043700,1648576006,1.111455,103.534073,83.0,0,1197.0
563043700,1648576106,1.109533,103.537331,80.0,0,1204.0
563043700,1648576187,1.108025,103.539856,78.0,0,1203.0
563043700,1648576213,1.107492,103.540787,79.0,0,1201.0
563043700,1648576275,1.10643,103.542618,78.0,0,1195.0
563043700,1648576346,1.105018,103.544739,78.0,0,1254.0
563043700,1648576406,1.10373,103.546509,77.0,0,1264.0
563043700,1648576466,1.102437,103.548187,77.0,0,1271.0
563043700,1648576524,1.101087,103.549942,77.0,0,1276.0
563043700,1648576546,1.10065,103.550507,77.0,0,1276.0
563043700,1648576616,1.09917,103.552475,76.0,0,1275.0
563043700,1648576686,1.09767,103.554405,76.0,0,1276.0
563043700,1648576756,1.096137,103.556374,76.0,0,1267.0
563043700,1648576814,1.094808,103.558029,76.0,0,1277.0
563043700,1648576816,1.094808,103.558029,76.0,0,1277.0
563043700,1648576876,1.093568,103.559715,75.0,0,1255.0
563043700,1648576936,1.092347,103.561455,75.0,0,1242.0
563043700,1648576996,1.091158,103.563118,75.0,0,1253.0
563043700,1648577114,1.088703,103.566902,90.0,0,1210.0
563043700,1648577116,1.088703,103.566902,90.0,0,1210.0
563043700,1648577176,1.087402,103.569038,96.0,0,1204.0
563043700,1648577245,1.085743,103.571831,102.0,0,1201.0
563043700,1648577377,1.08244,103.577454,108.0,0,1202.0
563043700,1648577435,1.080895,103.580086,109.0,0,1199.0
563043700,1648577439,1.080895,103.580086,109.0,0,1199.0
563043700,1648577506,1.079098,103.583199,110.0,0,1198.0
563043700,1648577566,1.077562,103.585793,111.0,0,1197.0
563043700,1648577626,1.075945,103.588524,111.0,0,1203.0
563043700,1648577735,1.073005,103.593475,113.0,0,1203.0
563043700,1648577738,1.073005,103.593475,113.0,0,1203.0
563043700,1648577827,1.070608,103.597534,113.0,0,1202.0
563043700,1648577906,1.068468,103.60112,113.0,0,1206.0
563043700,1648577985,1.06638,103.60463,114.0,0,1206.0
563043700,1648578333,1.056937,103.620422,114.0,0,1210.0
563043700,1648578416,1.054748,103.624023,114.0,0,1206.0
563043700,1648578605,1.049653,103.632698,112.0,0,1200.0
563043700,1648578656,1.04832,103.63488,105.0,0,1215.0
563043700,1648578657,1.04832,103.63488,105.0,0,1215.0
563043700,1648578735,1.046498,103.637901,95.0,0,1216.0
563043700,1648578805,1.045015,103.640373,88.0,0,1205.0
563043700,1648578865,1.043758,103.642464,84.0,0,1210.0
563043700,1648578905,1.042965,103.643829,83.0,0,1212.0
563043700,1648578925,1.042592,103.644455,82.0,0,1209.0
563043700,1648579006,1.040948,103.647026,79.0,0,1220.0
563043700,1648579066,1.039933,103.648857,74.0,0,1142.0
563043700,1648579187,1.039348,103.652466,62.0,0,855.0
563043700,1648579214,1.039445,103.65332,61.0,0,825.0
563043700,1648579257,1.03965,103.654442,59.0,0,753.0
563043700,1648579317,1.040387,103.655853,56.0,0,580.0
563043700,1648579387,1.041413,103.657356,62.0,0,542.0
563043700,1648579447,1.042552,103.658882,73.0,0,505.0
563043700,1648579505,1.043858,103.660637,82.0,0,542.0
563043700,1648579508,1.043858,103.660637,82.0,0,542.0
563043700,1648579576,1.045457,103.662949,91.0,0,567.0
563043700,1648579635,1.04687,103.665154,97.0,0,575.0
563043700,1648579695,1.048367,103.667458,100.0,0,566.0
563043700,1648579755,1.049955,103.66983,102.0,0,554.0
563043700,1648579815,1.0516,103.672195,103.0,0,552.0
563043700,1648579816,1.0516,103.672195,103.0,0,552.0
563043700,1648579876,1.053268,103.674545,104.0,0,538.0
563043700,1648579945,1.05526,103.677277,103.0,0,550.0
563043700,1648580092,1.058787,103.683022,103.0,0,600.0
563043700,1648580105,1.059285,103.683891,103.0,0,602.0
563043700,1648580166,1.060673,103.686333,102.0,0,613.0
563043700,1648580167,1.060673,103.686333,102.0,0,613.0
563043700,1648580236,1.062433,103.689148,103.0,0,567.0
563043700,1648580306,1.064297,103.691879,103.0,0,553.0
563043700,1648580366,1.065918,103.694199,103.0,0,553.0
563043700,1648580405,1.067047,103.695824,104.0,0,552.0
563043700,1648580436,1.067887,103.697014,104.0,0,542.0
563043700,1648580496,1.069605,103.699295,105.0,0,533.0
563043700,1648580556,1.0714,103.701698,105.0,0,528.0
563043700,1648580616,1.073122,103.703995,105.0,0,531.0
563043700,1648580676,1.074895,103.706367,105.0,0,537.0
563043700,1648580704,1.07574,103.707504,105.0,0,534.0
563043700,1648580736,1.076658,103.708725,105.0,0,531.0
563043700,1648580796,1.078367,103.711037,104.0,0,538.0
563043700,1648580856,1.080087,103.713402,103.0,0,544.0
563043700,1648580916,1.08172,103.715691,102.0,0,550.0
563043700,1648580976,1.083368,103.718063,102.0,0,557.0
563043700,1648581003,1.084108,103.719147,101.0,0,567.0
563043700,1648581036,1.08494,103.720406,101.0,0,560.0
563043700,1648581116,1.087162,103.723251,99.0,0,491.0
563043700,1648581176,1.089047,103.725342,99.0,0,472.0
563043700,1648581246,1.091285,103.727745,99.0,0,469.0
563043700,1648581304,1.093145,103.729744,99.0,0,471.0
563043700,1648581306,1.093145,103.729744,99.0,0,471.0
563043700,1648581367,1.09507,103.731857,102.0,0,481.0
563043700,1648581426,1.097022,103.734039,107.0,0,481.0
563043700,1648581487,1.099057,103.736275,110.0,0,476.0
563043700,1648581546,1.101163,103.738564,113.0,0,471.0
563043700,1648581604,1.103285,103.74086,114.0,0,475.0
563043700,1648581607,1.103285,103.74086,114.0,0,475.0
563043700,1648581666,1.105495,103.743256,115.0,0,472.0
563043700,1648581728,1.107735,103.745659,116.0,0,468.0
563043700,1648581795,1.110227,103.748291,117.0,0,468.0
563043700,1648581855,1.112502,103.750694,118.0,0,470.0
563043700,1648581905,1.114423,103.752754,119.0,0,471.0
563043700,1648581937,1.115602,103.75399,118.0,0,455.0
563043700,1648581997,1.117932,103.756203,117.0,0,435.0
563043700,1648582066,1.120637,103.758873,116.0,0,454.0
563043700,1648582126,1.122905,103.761169,115.0,0,451.0
563043700,1648582186,1.125163,103.76342,112.0,0,451.0
563043700,1648582204,1.12587,103.764114,111.0,0,447.0
563043700,1648582246,1.127365,103.765556,108.0,0,438.0
563043700,1648582247,1.127365,103.765556,108.0,0,438.0
563043700,1648582306,1.129488,103.767609,105.0,0,440.0
563043700,1648582366,1.1316,103.769608,103.0,0,439.0
563043700,1648582426,1.133705,103.771561,102.0,0,435.0
563043700,1648582486,1.135757,103.773491,101.0,0,436.0
563043700,1648582504,1.136402,103.774101,101.0,0,437.0
563043700,1648582546,1.137797,103.775414,101.0,0,433.0
563043700,1648582547,1.137797,103.775414,101.0,0,433.0
563043700,1648582606,1.139752,103.777206,91.0,0,427.0
563043700,1648582666,1.141545,103.778854,84.0,0,423.0
563043700,1648582726,1.14321,103.780373,79.0,0,431.0
563043700,1648582846,1.146282,103.783195,72.0,0,416.0
563043700,1648582906,1.147757,103.784454,69.0,0,394.0
563043700,1648582966,1.1492,103.785728,67.0,0,417.0
563043700,1648583026,1.150482,103.787117,70.0,0,550.0
563043700,1648583086,1.151222,103.788918,74.0,0,765.0
563043700,1648583104,1.15135,103.789558,77.0,0,795.0
563043700,1648583146,1.151677,103.791039,79.0,0,754.0
563043700,1648583206,1.15261,103.792999,82.0,0,608.0
563043700,1648583267,1.153955,103.794945,86.0,0,535.0
563043700,1648583358,1.156193,103.797859,91.0,0,527.0
563043700,1648583404,1.15751,103.799545,93.0,0,518.0
563043700,1648583426,1.158037,103.800217,93.0,0,523.0
563043700,1648583486,1.159628,103.802246,90.0,0,510.0
563043700,1648583546,1.161162,103.804108,81.0,0,499.0
563043700,1648583666,1.163738,103.807213,65.0,0,510.0
563043700,1648583704,1.164458,103.808113,62.0,0,511.0
563043700,1648583726,1.164828,103.808548,60.0,0,506.0
563043700,1648583727,1.164828,103.808548,60.0,0,506.0
563043700,1648583856,1.167073,103.811172,56.0,0,493.0
563043700,1648583917,1.168007,103.812469,61.0,0,646.0
563043700,1648583996,1.168848,103.81485,74.0,0,727.0
563043700,1648584003,1.168938,103.815147,75.0,0,726.0
563043700,1648584056,1.169483,103.816925,81.0,0,737.0
563043700,1648584116,1.17013,103.819191,86.0,0,736.0
563043700,1648584176,1.170867,103.821594,90.0,0,731.0
563043700,1648584236,1.171625,103.824005,92.0,0,730.0
563043700,1648584296,1.172383,103.826424,94.0,0,729.0
563043700,1648584304,1.172512,103.826843,94.0,0,729.0
563043700,1648584356,1.173177,103.828972,95.0,0,732.0
563043700,1648584416,1.173958,103.831451,96.0,0,733.0
563043700,1648584476,1.174742,103.834045,96.0,0,735.0
563043700,1648584536,1.175473,103.836617,96.0,0,749.0
563043700,1648584596,1.176155,103.839149,95.0,0,733.0
563043700,1648584604,1.17629,103.839569,95.0,0,717.0
563043700,1648584656,1.177062,103.841705,96.0,0,693.0
563043700,1648584716,1.178018,103.84417,96.0,0,653.0
563043700,1648584846,1.18055,103.849442,97.0,0,648.0
563043700,1648584903,1.181715,103.851822,97.0,0,651.0
563043700,1648584906,1.181715,103.851822,97.0,0,651.0
563043700,1648584976,1.183055,103.854736,96.0,0,650.0
563043700,1648585036,1.184117,103.85701,89.0,0,661.0
563043700,1648585100,1.185115,103.859169,81.0,0,657.0
563043700,1648585166,1.186092,103.861519,74.0,0,665.0
563043700,1648585203,1.186617,103.862679,72.0,0,661.0
563043700,1648585217,1.18675,103.862976,71.0,0,661.0
563043700,1648585287,1.18772,103.865089,68.0,0,646.0
563043700,1648585346,1.188535,103.86676,65.0,0,637.0
563043700,1648585409,1.189303,103.868332,63.0,0,646.0
563043700,1648585475,1.190202,103.870178,62.0,0,647.0
563043700,1648585535,1.190928,103.871666,59.0,0,661.0
563043700,1648585605,1.19171,103.873344,55.0,0,660.0
563043700,1648585665,1.192315,103.87468,51.0,0,663.0
563043700,1648585725,1.19285,103.875931,48.0,0,684.0
563043700,1648585785,1.193285,103.877167,44.0,0,671.0
563043700,1648585804,1.193467,103.877571,43.0,0,687.0
563043700,1648585845,1.193765,103.878288,43.0,0,681.0
563043700,1648585905,1.194207,103.879257,39.0,0,692.0
563043700,1648585965,1.19455,103.880196,33.0,0,690.0
563043700,1648586026,1.194872,103.880989,29.0,0,692.0
563043700,1648586086,1.195152,103.881691,25.0,0,708.0
563043700,1648586105,1.195203,103.881927,26.0,0,814.0
563043700,1648586146,1.195293,103.882446,29.0,0,774.0
563043700,1648586206,1.195558,103.883263,32.0,0,723.0
563043700,1648586266,1.195867,103.884163,37.0,0,728.0
563043700,1648586327,1.196235,103.885185,41.0,0,710.0
563043700,1648586386,1.196718,103.886391,51.0,0,669.0
563043700,1648586404,1.196912,103.88681,56.0,0,662.0
563043700,1648586446,1.197378,103.887848,64.0,0,658.0
563043700,1648586516,1.198328,103.8899,76.0,0,642.0
563043700,1648586585,1.19949,103.892288,86.0,0,642.0
563043700,1648586645,1.20056,103.89447,92.0,0,642.0
563043700,1648586704,1.201732,103.896843,96.0,0,645.0
563043700,1648586705,1.201732,103.896843,96.0,0,645.0
563043700,1648586766,1.202975,103.899307,98.0,0,655.0
563043700,1648586836,1.20415,103.902046,89.0,0,668.0
563043700,1648586905,1.205145,103.904625,83.0,0,695.0
563043700,1648586966,1.205915,103.906715,78.0,0,701.0
563043700,1648587026,1.206607,103.908669,75.0,0,707.0
563043700,1648587095,1.20737,103.910919,72.0,0,719.0
563043700,1648587158,1.208028,103.912796,70.0,0,722.0
563043700,1648587226,1.208762,103.914894,68.0,0,720.0
563043700,1648587286,1.209437,103.916794,76.0,0,716.0
563043700,1648587305,1.209707,103.917465,79.0,0,697.0
563043700,1648587346,1.210267,103.918831,84.0,0,669.0
563043700,1648587406,1.211228,103.921112,90.0,0,659.0
563043700,1648587468,1.212265,103.923447,95.0,0,661.0
563043700,1648587536,1.213547,103.926224,98.0,0,636.0
563043700,1648587596,1.21479,103.928658,99.0,0,632.0
563043700,1648587603,1.214977,103.929024,100.0,0,632.0
563043700,1648587656,1.216087,103.931168,100.0,0,639.0
563043700,1648587716,1.217322,103.933624,101.0,0,648.0
563043700,1648587776,1.21867,103.936119,100.0,0,603.0
563043700,1648587836,1.220078,103.938354,92.0,0,569.0
563043700,1648587896,1.221635,103.940369,86.0,0,527.0
563043700,1648587956,1.223043,103.942169,81.0,0,523.0
563043700,1648588016,1.224313,103.943855,78.0,0,515.0
563043700,1648588086,1.225903,103.945755,72.0,0,455.0
563043700,1648588146,1.227253,103.947052,70.0,0,436.0
563043700,1648588204,1.22868,103.948425,68.0,0,438.0
563043700,1648588206,1.22868,103.948425,68.0,0,438.0
563043700,1648588266,1.230015,103.949707,67.0,0,447.0
563043700,1648588327,1.231373,103.951065,66.0,0,432.0
563043700,1648588386,1.232695,103.952286,66.0,0,443.0
563043700,1648588447,1.233967,103.953392,65.0,0,454.0
563043700,1648588503,1.235187,103.954697,67.0,0,478.0
563043700,1648588516,1.23544,103.954956,68.0,0,461.0
563043700,1648588579,1.237175,103.956017,73.0,0,232.0
563043700,1648588707,1.241298,103.955177,73.0,0,3308.0
563043700,1648588767,1.243055,103.954163,74.0,0,3290.0
563043700,1648588804,1.244188,103.953453,74.0,0,3283.0
563043700,1648588846,1.245353,103.952782,70.0,0,3340.0
563043700,1648588906,1.247052,103.951988,63.0,0,3354.0
563043700,1648588966,1.248563,103.951279,57.0,0,3351.0
563043700,1648589026,1.249953,103.950615,53.0,0,3331.0
563043700,1648589105,1.251608,103.949768,47.0,0,3318.0
563043700,1648589146,1.252332,103.949387,43.0,0,3316.0
563043700,1648589207,1.253382,103.948822,40.0,0,3315.0
563043700,1648589266,1.254293,103.948296,36.0,0,3318.0
563043700,1648589335,1.255258,103.9478,32.0,0,3360.0
563043700,1648589395,1.256043,103.947456,29.0,0,3381.0
563043700,1648589405,1.256197,103.947395,28.0,0,3396.0
563043700,1648589455,1.256778,103.947166,26.0,0,3405.0
563043700,1648589516,1.257415,103.946938,23.0,0,3421.0
563043700,1648589586,1.258038,103.946716,17.0,0,3405.0
563043700,1648589655,1.258667,103.946564,23.0,0,3559.0
563043700,1648589702,1.259168,103.94664,24.0,0,179.0
563043700,1648589715,1.259293,103.946693,25.0,0,230.0
563043700,1648589783,1.259873,103.947212,26.0,0,604.0
563043700,1648589845,1.260008,103.947998,29.0,0,955.0
563043700,1648589905,1.259707,103.948753,34.0,0,1242.0
563043700,1648589970,1.25888,103.949425,39.0,0,1518.0
563043700,1648590002,1.258293,103.949615,41.0,0,1696.0
563043700,1648590037,1.257612,103.949646,45.0,0,1835.0
563043700,1648590107,1.256312,103.949333,52.0,0,1989.0
563043700,1648590166,1.254647,103.948524,60.0,0,2110.0
563043700,1648590227,1.253228,103.947533,65.0,0,2188.0
563043700,1648590287,1.251805,103.946304,70.0,0,2197.0
563043700,1648590305,1.251302,103.9459,71.0,0,2185.0
563043700,1648590356,1.250085,103.944771,74.0,0,2259.0
563043700,1648590416,1.24866,103.943214,77.0,0,2278.0
563043700,1648590476,1.2473,103.941467,79.0,0,2323.0
563043700,1648590536,1.245987,103.939697,81.0,0,2373.0
563043700,1648590596,1.244698,103.937698,89.0,0,2412.0
563043700,1648590605,1.244503,103.937332,91.0,0,2408.0
563043700,1648590656,1.243442,103.935371,100.0,0,2423.0
563043700,1648590716,1.242083,103.932816,109.0,0,2422.0
563043700,1648590776,1.240625,103.929962,112.0,0,2430.0
563043700,1648590836,1.239222,103.927376,107.0,0,2427.0
563043700,1648590896,1.23783,103.924744,104.0,0,2423.0
563043700,1648590907,1.237608,103.924316,103.0,0,2424.0
563043700,1648590956,1.236495,103.922234,101.0,0,2425.0
563043700,1648590957,1.236495,103.922234,101.0,0,2425.0
563043700,1648591016,1.23522,103.919838,95.0,0,2393.0
563043700,1648591076,1.234028,103.917557,90.0,0,2459.0
563043700,1648591136,1.233122,103.915298,86.0,0,2468.0
563043700,1648591196,1.232387,103.913109,82.0,0,2524.0
563043700,1648591214,1.232173,103.912422,81.0,0,2524.0
563043700,1648591257,1.231718,103.910919,79.0,0,2522.0
563043700,1648591325,1.231,103.9086,73.0,0,2530.0
563043700,1648591385,1.230413,103.906731,70.0,0,2526.0
563043700,1648591445,1.229843,103.904869,71.0,0,2517.0
563043700,1648591505,1.229222,103.902946,71.0,0,2516.0
563043700,1648591567,1.22865,103.901161,67.0,0,2514.0
563043700,1648591637,1.227933,103.899132,63.0,0,2479.0
563043700,1648591697,1.227327,103.89753,59.0,0,2481.0
563043700,1648591757,1.226802,103.896088,54.0,0,2527.0
563043700,1648591805,1.226518,103.894875,52.0,0,2611.0
563043700,1648591826,1.22649,103.894424,51.0,0,2659.0
563043700,1648591946,1.22645,103.89151,55.0,0,2690.0
563043700,1648592006,1.22643,103.889977,56.0,0,2705.0
563043700,1648592103,1.226815,103.887543,49.0,0,2875.0
563043700,1648592135,1.227058,103.886948,46.0,0,2950.0
563043700,1648592195,1.227702,103.885902,42.0,0,3075.0
563043700,1648592255,1.228525,103.885078,41.0,0,3254.0
563043700,1648592315,1.229592,103.884575,44.0,0,3345.0
563043700,1648592375,1.23077,103.884163,45.0,0,3488.0
563043700,1648592403,1.231405,103.884079,46.0,0,3531.0
563043700,1648592435,1.232052,103.883972,49.0,0,3507.0
563043700,1648592495,1.233482,103.883865,50.0,0,13.0
563043700,1648592556,1.234855,103.88401,48.0,0,82.0
563043700,1648592616,1.236197,103.884186,47.0,0,90.0
563043700,1648592676,1.237497,103.884392,49.0,0,95.0
563043700,1648592703,1.238153,103.884514,50.0,0,110.0
563043700,1648592736,1.238853,103.884651,51.0,0,120.0
563043700,1648592796,1.240328,103.884941,54.0,0,122.0
563043700,1648592856,1.241818,103.885254,56.0,0,133.0
563043700,1648592916,1.2434,103.88559,58.0,0,112.0
563043700,1648592976,1.244955,103.885948,56.0,0,175.0
563043700,1648593036,1.246423,103.886452,54.0,0,214.0
563043700,1648593096,1.247877,103.886894,53.0,0,162.0
563043700,1648593156,1.249187,103.887199,48.0,0,97.0
563043700,1648593216,1.25049,103.887444,47.0,0,156.0
563043700,1648593276,1.251695,103.887825,46.0,0,174.0
563043700,1648593304,1.252297,103.888016,46.0,0,175.0
563043700,1648593336,1.2529,103.888184,43.0,0,173.0
563043700,1648593396,1.254028,103.888535,40.0,0,175.0
563043700,1648593456,1.255033,103.888809,36.0,0,173.0
563043700,1648593516,1.255992,103.889084,34.0,0,163.0
563043700,1648593576,1.256845,103.889343,31.0,0,153.0
563043700,1648593603,1.257263,103.889473,30.0,0,149.0
563043700,1648593646,1.25782,103.889572,29.0,0,138.0
563043700,1648593706,1.258633,103.889793,31.0,0,162.0
563043700,1648593766,1.259445,103.89006,30.0,0,149.0
563043700,1648593826,1.260245,103.890213,28.0,0,72.0
563043700,1648593886,1.260978,103.890297,25.0,0,70.0
563043700,1648593904,1.261205,103.890312,23.0,0,38.0
563043700,1648593946,1.261623,103.890327,21.0,0,24.0
563043700,1648594006,1.262203,103.890419,21.0,0,146.0
563043700,1648594066,1.262742,103.890526,18.0,0,68.0
563043700,1648594126,1.263158,103.890495,12.0,0,3426.0
563043700,1648594186,1.263368,103.890358,8.0,0,2904.0
563043700,1648594204,1.263378,103.890282,9.0,0,2731.0
563043700,1648594246,1.263348,103.890099,10.0,0,2508.0
563043700,1648594247,1.263348,103.890099,10.0,0,2508.0
563043700,1648594306,1.263187,103.889847,12.0,0,2282.0
563043700,1648594366,1.262962,103.889633,11.0,0,2233.0
563043700,1648594435,1.262705,103.889389,11.0,0,2219.0
563043700,1648594495,1.262565,103.889244,5.0,0,2500.0
563043700,1648594503,1.262558,103.889221,5.0,0,2553.0
563043700,1648594556,1.262547,103.889099,5.0,0,2609.0
563043700,1648594616,1.262565,103.888931,6.0,0,2783.0
563043700,1648594676,1.262663,103.888786,6.0,1,2952.0
563043700,1648594829,1.262823,103.888542,3.0,1,3317.0
563043700,1648595007,1.262915,103.888527,1.0,1,1107.0
563043700,1648595187,1.262868,103.888618,1.0,1,1437.0
563043700,1648595367,1.26283,103.888596,1.0,1,2266.0
563043700,1648595547,1.262807,103.888535,2.0,1,2829.0
563043700,1648595726,1.262847,103.888527,1.0,1,20.0
563043700,1648595729,1.262847,103.888527,1.0,1,20.0
563043700,1648595907,1.262957,103.888481,0.0,1,2895.0
563043700,1648596087,1.26294,103.888481,0.0,1,2895.0
563043700,1648596267,1.262942,103.888397,0.0,1,2895.0
563043700,1648596447,1.262997,103.888428,0.0,1,3363.0
563043700,1648596625,1.263053,103.888329,1.0,1,758.0
563043700,1648596628,1.263053,103.888329,1.0,1,758.0
563043700,1648596807,1.263073,103.888412,1.0,1,1286.0
563043700,1648596987,1.263072,103.888329,1.0,1,1407.0
563043700,1648597167,1.263025,103.888336,2.0,1,1316.0
563043700,1648597347,1.263007,103.888374,1.0,1,1136.0
563043700,1648597525,1.262982,103.888481,1.0,1,1100.0
563043700,1648597527,1.262982,103.888481,1.0,1,1100.0
563043700,1648597707,1.26302,103.888428,1.0,1,840.0
563043700,1648598074,1.263028,103.888405,0.0,1,1304.0
563043700,1648598248,1.263022,103.888397,1.0,1,1358.0
563043700,1648598427,1.262972,103.888405,0.0,1,1358.0
563043700,1648598608,1.262932,103.888405,0.0,1,983.0
563043700,1648598787,1.262967,103.888428,1.0,1,831.0
563043700,1648598788,1.262967,103.888428,1.0,1,831.0
563043700,1648598968,1.26297,103.888428,1.0,1,365.0
563043700,1648599147,1.263005,103.888504,1.0,1,3517.0
563043700,1648599325,1.263037,103.888435,0.0,1,3466.0
563043700,1648599327,1.263037,103.888435,0.0,1,3466.0
563043700,1648599507,1.26302,103.888451,0.0,1,3466.0
563043700,1648599685,1.263015,103.888451,0.0,1,1194.0
563043700,1648599687,1.263015,103.888451,0.0,1,1194.0
563043700,1648599688,1.263015,103.888451,0.0,1,1194.0
563043700,1648599867,1.262985,103.88842,1.0,1,2139.0
563043700,1648600048,1.262972,103.888481,1.0,1,1009.0
563043700,1648600225,1.262947,103.888458,1.0,1,1066.0
563043700,1648600227,1.262947,103.888458,1.0,1,1066.0
563043700,1648600407,1.262955,103.888481,0.0,1,339.0
563043700,1648600585,1.26297,103.888557,1.0,1,644.0
563043700,1648600587,1.26297,103.888557,1.0,1,644.0
563043700,1648600767,1.262953,103.88855,1.0,1,617.0
563043700,1648600947,1.262953,103.888527,0.0,1,40.0
563043700,1648601125,1.26296,103.888466,0.0,1,858.0
563043700,1648601127,1.26296,103.888466,0.0,1,858.0
563043700,1648601307,1.262968,103.888557,1.0,1,1064.0
563043700,1648601487,1.262938,103.888588,1.0,1,1119.0
563043700,1648601847,1.262875,103.888596,0.0,1,1866.0
563043700,1648602025,1.262878,103.88858,1.0,1,1154.0
563043700,1648602027,1.262878,103.88858,1.0,1,1154.0
563043700,1648602207,1.262878,103.888557,1.0,1,557.0
563043700,1648602385,1.262895,103.888573,0.0,1,731.0
563043700,1648602387,1.262895,103.888573,0.0,1,731.0
563043700,1648602747,1.262947,103.888603,1.0,1,2164.0
563043700,1648602928,1.26294,103.888611,1.0,1,2102.0
563043700,1648603107,1.262947,103.888573,1.0,1,1043.0
563043700,1648616247,1.265568,103.891006,1.0,1,1036.0
563043700,1648616425,1.265572,103.890999,1.0,1,1432.0
563043700,1648616427,1.265572,103.890999,1.0,1,1432.0
563043700,1648616787,1.265472,103.89109,1.0,1,1240.0
563043700,1648617147,1.265478,103.891136,2.0,1,593.0
563043700,1648617324,1.265787,103.891411,7.0,0,465.0
563043700,1648617326,1.265787,103.891411,7.0,0,465.0
563043700,1648617905,1.264997,103.892174,32.0,0,1594.0
563043700,1648618246,1.256318,103.894722,83.0,0,1626.0
563043700,1648618504,1.246268,103.901642,116.0,0,1385.0
563043700,1648618557,1.244215,103.903496,120.0,0,1363.0
563043700,1648618804,1.237663,103.915375,131.0,0,920.0
563043700,1648618856,1.237608,103.918457,131.0,0,897.0
563043700,1648619104,1.237683,103.931389,93.0,0,915.0
563043700,1648619110,1.237683,103.931389,93.0,0,915.0
563043700,1648619405,1.237217,103.94323,99.0,0,945.0
563043700,1648619704,1.237365,103.958824,126.0,0,778.0
563043700,1648619976,1.240605,103.975296,139.0,0,798.0
563043700,1648620005,1.240947,103.977196,139.0,0,800.0
563043700,1648620036,1.24128,103.979095,139.0,0,798.0
563043700,1648620042,1.24128,103.979095,139.0,0,798.0
563043700,1648620121,1.242005,103.98317,140.0,0,799.0
563043700,1648620178,1.242703,103.987076,141.0,0,796.0
563043700,1648620301,1.244068,103.99472,141.0,0,799.0
563043700,1648620302,1.244315,103.996132,141.0,0,795.0
563043700,1648620341,1.244757,103.998558,141.0,0,796.0
563043700,1648620412,1.24548,104.002678,142.0,0,799.0
563043700,1648620467,1.246157,104.006615,142.0,0,799.0
563043700,1648620527,1.24678,104.010521,142.0,0,813.0
563043700,1648620602,1.247477,104.015533,142.0,0,825.0
563043700,1648620653,1.24791,104.018784,141.0,0,824.0
563043700,1648620654,1.24791,104.018784,141.0,0,824.0
563043700,1648620786,1.249038,104.027214,141.0,0,812.0
563043700,1648620854,1.249635,104.031075,141.0,0,808.0
563043700,1648620902,1.250235,104.034874,141.0,0,805.0
563043700,1648620905,1.250235,104.034874,141.0,0,805.0
563043700,1648620944,1.250497,104.036491,141.0,0,806.0
563043700,1648621007,1.251225,104.041122,141.0,0,809.0
563043700,1648621086,1.251902,104.045395,142.0,0,806.0
563043700,1648621126,1.252538,104.049217,142.0,0,804.0
563043700,1648621193,1.253283,104.053528,141.0,0,803.0
563043700,1648621203,1.253407,104.054298,141.0,0,809.0
563043700,1648621252,1.253865,104.057404,140.0,0,819.0
563043700,1648621253,1.253865,104.057404,140.0,0,819.0
563043700,1648621326,1.254467,104.062019,140.0,0,823.0
563043700,1648621390,1.25504,104.066231,139.0,0,820.0
563043700,1648621487,1.255612,104.070419,139.0,0,818.0
563043700,1648621503,1.256042,104.073479,139.0,0,821.0
563043700,1648621518,1.256143,104.074249,140.0,0,821.0
563043700,1648621531,1.256143,104.074249,140.0,0,821.0
563043700,1648621663,1.257253,104.082741,141.0,0,824.0
563043700,1648621751,1.25795,104.088074,140.0,0,825.0
563043700,1648621803,1.258582,104.092773,140.0,0,822.0
563043700,1648621814,1.258528,104.092384,141.0,0,822.0
563043700,1648621871,1.259168,104.097084,140.0,0,822.0
563043700,1648621945,1.259752,104.101257,140.0,0,820.0
563043700,1648622019,1.260288,104.105095,141.0,0,825.0
563043700,1648622104,1.261033,104.112129,141.0,0,841.0
563043700,1648622129,1.261173,104.113564,141.0,0,842.0
563043700,1648622238,1.261665,104.118645,141.0,0,842.0
563043700,1648622327,1.26225,104.124603,142.0,0,849.0
563043700,1648622379,1.262613,104.12851,142.0,0,848.0
563043700,1648622404,1.26294,104.131706,143.0,0,839.0
563043700,1648622475,1.263162,104.133942,143.0,0,844.0
563043700,1648622508,1.263545,104.13797,143.0,0,846.0
563043700,1648622562,1.263938,104.141884,143.0,0,843.0
563043700,1648622640,1.264343,104.145744,143.0,0,841.0
563043700,1648622702,1.264937,104.151283,144.0,0,838.0
563043700,1648622705,1.264818,104.150162,144.0,0,838.0
563043700,1648622789,1.265558,104.15696,144.0,0,837.0
563043700,1648622897,1.266152,104.162453,144.0,0,838.0
563043700,1648623003,1.26712,104.171181,144.0,0,834.0
563043700,1648623308,1.269243,104.191391,145.0,0,854.0
563043700,1648623314,1.269077,104.189445,145.0,0,849.0
563043700,1648623340,1.269385,104.193405,145.0,0,863.0
563043700,1648623433,1.269595,104.197433,145.0,0,873.0
563043700,1648623520,1.269842,104.202316,144.0,0,872.0
563043700,1648623570,1.270083,104.207062,144.0,0,870.0
563043700,1648623603,1.270257,104.21106,145.0,0,884.0
563043700,1648623646,1.270298,104.213783,144.0,0,889.0
563043700,1648623672,1.270298,104.213783,144.0,0,889.0
563043700,1648623747,1.270388,104.219093,145.0,0,886.0
563043700,1648623830,1.27048,104.225861,145.0,0,900.0
563043700,1648623903,1.270398,104.231117,145.0,0,906.0
563043700,1648623928,1.270387,104.232658,146.0,0,905.0
563043700,1648623946,1.270387,104.232658,146.0,0,905.0
563043700,1648624209,1.270257,104.251686,146.0,0,903.0
563043700,1648624256,1.270273,104.254898,145.0,15,900.0
563043700,1648624456,1.27035,104.268097,144.0,0,874.0
563043700,1648624457,1.27035,104.268097,144.0,0,874.0
563043700,1648624509,1.270637,104.271729,144.0,0,845.0
563043700,1648624802,1.273568,104.291046,144.0,0,777.0
563043700,1648630524,1.51297,104.567574,131.0,15,510.0
563043700,1648630692,1.51933,104.575645,132.0,15,540.0
563043700,1648630951,1.528608,104.588516,131.0,15,550.0
563043700,1648631126,1.534613,104.597023,130.0,15,540.0
563043700,1648631253,1.539178,104.603493,131.0,15,550.0
563043700,1648631411,1.544563,104.611633,132.0,15,610.0
563043700,1648631433,1.545175,104.612762,132.0,15,620.0
563043700,1648632732,1.57735,104.682426,125.0,15,650.0
563043700,1648633073,1.585867,104.700371,126.0,15,650.0
563043700,1648633156,1.587875,104.704605,127.0,15,650.0
563043700,1648633482,1.596065,104.722099,125.0,15,670.0
563043700,1648633543,1.597465,104.725227,125.0,15,670.0
563043700,1648633729,1.601955,104.735275,124.0,15,660.0
563043700,1648633990,1.607668,104.749237,125.0,15,690.0
563043700,1648634162,1.611088,104.758476,125.0,15,720.0
563043700,1648634163,1.611088,104.758476,125.0,15,720.0
563043700,1648634581,1.618532,104.781448,123.0,15,720.0
563043700,1648634956,1.625153,104.801544,123.0,15,720.0
563043700,1648635044,1.626822,104.806511,123.0,15,720.0
563043700,1648635062,1.627167,104.807541,123.0,15,720.0
563043700,1648635370,1.631952,104.8246,124.0,15,790.0
563043700,1648635397,1.632627,104.827972,124.0,15,790.0
563043700,1648635824,1.636905,104.850121,124.0,15,800.0
563043700,1648636414,1.643727,104.88324,125.0,15,790.0
563043700,1648636692,1.646833,104.899109,125.0,15,790.0
563043700,1648637211,1.655185,104.927612,124.0,15,690.0
563043700,1648637302,1.657068,104.932503,123.0,15,700.0
563043700,1648637549,1.66287,104.945396,123.0,15,650.0
563043700,1648637794,1.668662,104.958031,123.0,15,650.0
563043700,1648637798,1.668662,104.958031,123.0,15,650.0
563043700,1648638483,1.685075,104.993675,123.0,15,660.0
563043700,1648638763,1.691082,105.007988,122.0,15,680.0
563043700,1648638903,1.694053,105.015671,123.0,15,680.0
563043700,1648639149,1.699082,105.029045,123.0,15,710.0
563043700,1648639607,1.707377,105.053314,123.0,15,720.0
563043700,1648639874,1.71271,105.067764,123.0,15,700.0
563043700,1648640515,1.723353,105.102493,123.0,15,760.0
563043700,1648641112,1.732435,105.135445,122.0,15,740.0
563043700,1648641413,1.736945,105.15184,123.0,15,750.0
563043700,1648641665,1.741172,105.165306,120.0,15,690.0
563043700,1648641860,1.745342,105.175583,120.0,15,670.0
563043700,1648642104,1.750873,105.187935,120.0,15,660.0
563043700,1648642222,1.753812,105.193932,120.0,15,630.0
563043700,1648642801,1.769372,105.222633,121.0,15,670.0
563043700,1648642824,1.769768,105.223625,122.0,15,690.0
563043700,1648642906,1.771293,105.227669,122.0,15,710.0
563043700,1648642912,1.771442,105.228088,122.0,15,710.0
563043700,1648643095,1.774865,105.23774,121.0,15,710.0
563043700,1648643584,1.783962,105.264137,120.0,15,720.0
563043700,1648643800,1.787867,105.275536,122.0,15,710.0
563043700,1648643961,1.790862,105.284225,121.0,15,710.0
563043700,1648644123,1.793793,105.292679,122.0,15,710.0
563043700,1648644126,1.793793,105.292679,122.0,15,710.0
563043700,1648644582,1.802332,105.317345,122.0,15,710.0
563043700,1648644901,1.808263,105.334419,122.0,15,710.0
563043700,1648645292,1.81555,105.355324,122.0,15,710.0
563043700,1648645480,1.819093,105.365578,122.0,15,710.0
563043700,1648645674,1.82262,105.375771,122.0,15,710.0
563043700,1648645767,1.824648,105.381653,122.0,15,710.0
563043700,1648645842,1.825732,105.384811,122.0,15,720.0
563043700,1648646184,1.831945,105.403084,122.0,15,710.0
563043700,1648646745,1.842747,105.432823,122.0,15,690.0
563043700,1648646844,1.844785,105.438156,123.0,15,690.0
563043700,1648647112,1.850192,105.452499,123.0,15,690.0
563043700,1648647242,1.852828,105.45948,123.0,15,700.0
563043700,1648647595,1.859803,105.478142,123.0,15,700.0
563043700,1648647903,1.865673,105.49453,122.0,15,710.0
563043700,1648648199,1.871373,105.510628,123.0,15,710.0
563043700,1648648355,1.874157,105.518639,122.0,15,710.0
563043700,1648648903,1.884552,105.548141,123.0,15,710.0
563043700,1648648953,1.88551,105.550842,123.0,15,710.0
563043700,1648649135,1.88893,105.560493,123.0,15,700.0
563043700,1648649734,1.900182,105.592819,123.0,15,710.0
563043700,1648649915,1.903573,105.602478,124.0,15,710.0
563043700,1648650283,1.910393,105.622452,123.0,15,710.0
563043700,1648651091,1.925213,105.666161,122.0,15,710.0
563043700,1648651383,1.930453,105.681725,123.0,15,720.0
563043700,1648651831,1.938532,105.706161,123.0,15,720.0
563043700,1648652021,1.941898,105.716446,123.0,15,720.0
563043700,1648652643,1.952998,105.749954,123.0,15,720.0
563043700,1648653014,1.959692,105.770287,123.0,15,710.0
563043700,1648653072,1.960807,105.773636,123.0,15,710.0
563043700,1648653311,1.965078,105.786331,124.0,15,720.0
563043700,1648653343,1.965565,105.787964,124.0,15,720.0
563043700,1648654104,1.980142,105.828941,123.0,15,700.0
563043700,1648654643,1.991013,105.857735,123.0,15,700.0
563043700,1648654815,1.994393,105.866898,123.0,15,700.0
563043700,1648655583,2.009552,105.908005,123.0,15,700.0
563043700,1648655730,2.012587,105.916222,123.0,15,690.0
563043700,1648655803,2.014003,105.919991,123.0,15,690.0
563043700,1648655991,2.017828,105.930229,125.0,15,700.0
563043700,1648656634,2.030105,105.964706,123.0,15,710.0
563043700,1648656712,2.03162,105.968948,123.0,15,710.0
563043700,1648657563,2.04863,106.014603,123.0,15,670.0
563043700,1648658162,2.061607,106.046234,123.0,15,680.0
563043700,1648658720,2.074085,106.076256,124.0,15,680.0
563043700,1648660204,2.101918,106.155853,124.0,15,720.0
563043700,1648660342,2.10445,106.16346,124.0,15,720.0
563043700,1648660762,2.112355,106.186035,123.0,15,680.0
563043700,1648661153,2.121115,106.206276,122.0,15,660.0
563043700,1648661250,2.123165,106.210991,122.0,15,670.0
563043700,1648661692,2.13328,106.234344,122.0,15,670.0
563043700,1648662021,2.140742,106.251572,122.0,15,660.0
563043700,1648663831,2.181965,106.345123,122.0,15,660.0
563043700,1648663864,2.182642,106.346603,122.0,15,660.0
563043700,1648663953,2.184745,106.351311,122.0,15,660.0
563043700,1648664753,2.203142,106.392242,122.0,15,660.0
563043700,1648664994,2.20873,106.404549,122.0,15,660.0
563043700,1648666019,2.232713,106.457542,121.0,15,660.0
563043700,1648666184,2.236432,106.465721,121.0,15,660.0
563043700,1648666781,2.249698,106.496635,121.0,15,680.0
563043700,1648666930,2.252843,106.504364,121.0,15,680.0
563043700,1648667572,2.266327,106.537338,120.0,15,680.0
563043700,1648668799,2.292353,106.600639,120.0,15,670.0
563043700,1648669383,2.304732,106.630363,119.0,15,680.0
563043700,1648669402,2.305115,106.631271,119.0,15,670.0
563043700,1648669730,2.31209,106.648247,119.0,15,680.0
563043700,1648670072,2.319302,106.665833,119.0,15,680.0
563043700,1648670291,2.323762,106.676743,119.0,15,670.0
563043700,1648670944,2.337418,106.709961,119.0,15,680.0
563043700,1648671003,2.338662,106.713058,120.0,15,680.0
563043700,1648671193,2.342662,106.722748,119.0,15,680.0
563043700,1648672314,2.366218,106.77993,119.0,15,670.0
563043700,1648672690,2.374263,106.799286,120.0,15,680.0
563043700,1648673001,2.38083,106.815079,120.0,15,670.0
563043700,1648673398,2.389398,106.83564,120.0,15,680.0
563043700,1648673402,2.389398,106.83564,120.0,15,680.0
563043700,1648673851,2.399418,106.858971,121.0,15,660.0
563043700,1648673902,2.400497,106.861481,121.0,15,670.0
563043700,1648675024,2.424975,106.918198,119.0,15,670.0
563043700,1648676613,2.45913,106.999115,120.0,15,690.0
563043700,1648677159,2.470552,107.027145,120.0,15,680.0
563043700,1648677956,2.487123,107.067719,119.0,15,680.0
563043700,1648679329,2.516147,107.138016,121.0,15,680.0
563043700,1648681132,2.554797,107.23188,121.0,15,680.0
563043700,1648682942,2.5929,107.326973,123.0,15,680.0
563043700,1648683843,2.612195,107.374763,124.0,15,680.0
563043700,1648687462,2.69028,107.570206,127.0,15,680.0
563043700,1648689281,2.727183,107.670311,129.0,15,760.0
563043700,1648690220,2.746458,107.722412,130.0,15,550.0
563043700,1648691092,2.77419,107.766838,130.0,15,670.0
563043700,1648692902,2.813718,107.867287,129.0,15,660.0
563043700,1648693802,2.835568,107.916481,130.0,15,630.0
563043700,1648695010,2.86925,107.981865,133.0,15,670.0
563043700,1648695920,2.88997,108.03344,132.0,15,680.0
563043700,1648696513,2.903278,108.067047,131.0,15,680.0
563043700,1648697414,2.922027,108.118126,131.0,15,730.0
563043700,1648698680,2.948547,108.189949,131.0,15,680.0
563043700,1648699229,2.960935,108.220177,130.0,15,680.0
563043700,1648699580,2.969448,108.24057,128.0,15,620.0
563043700,1648700132,2.986825,108.268433,131.0,15,580.0
563043700,1648701033,3.015963,108.315025,131.0,15,560.0
563043700,1648703764,3.119605,108.44455,132.0,15,510.0
563043700,1648704673,3.154997,108.487305,131.0,15,510.0
563043700,1648706494,3.224757,108.572479,129.0,15,560.0
563043700,1648707405,3.255683,108.617172,129.0,15,560.0
563043700,1648708305,3.287325,108.659576,127.0,15,530.0
563043700,1648709169,3.317962,108.699791,127.0,15,520.0
563043700,1648711024,3.384787,108.787376,127.0,15,530.0
563043700,1648712793,3.44817,108.86998,125.0,15,520.0
563043700,1648713702,3.480625,108.911972,126.0,15,530.0
563043700,1648714612,3.514997,108.953117,125.0,15,500.0
563043700,1648716442,3.583455,109.033958,126.0,15,490.0
563043700,1648717352,3.618128,109.07428,126.0,15,490.0
563043700,1648719154,3.687438,109.15477,127.0,15,490.0
563043700,1648720063,3.720765,109.195786,125.0,15,530.0
563043700,1648722779,3.814222,109.319038,124.0,15,520.0
563043700,1648725133,3.896765,109.427872,125.0,15,530.0
563043700,1648727303,3.968298,109.530663,126.0,15,540.0
563043700,1648728223,4.000282,109.573074,125.0,15,540.0
563043700,1648729133,4.032788,109.614624,125.0,15,520.0
563043700,1648730324,4.076367,109.668343,125.0,15,520.0
563043700,1648731233,4.10939,109.709541,125.0,15,470.0
563043700,1648740664,4.438912,110.137001,122.0,15,520.0
563043700,1648747744,4.685923,110.455887,126.0,15,530.0
563043700,1648750705,4.791528,110.592148,126.0,15,530.0
563043700,1648757562,5.036393,110.908752,129.0,15,550.0
563043700,1648759381,5.100762,110.99662,129.0,15,460.0
563043700,1648760282,5.136328,111.036804,130.0,15,520.0
563043700,1648761191,5.16934,111.079369,128.0,15,540.0
563043700,1648763902,5.26942,111.207054,128.0,15,520.0
563043700,1648765712,5.336002,111.292007,128.0,15,520.0
563043700,1648766621,5.36938,111.334145,127.0,15,520.0
563043700,1648767522,5.401782,111.375763,124.0,15,520.0
563043700,1648768552,5.438585,111.42363,127.0,15,530.0
563043700,1648775701,5.701432,111.779831,141.0,15,560.0
563043700,1648777990,5.78405,111.903473,134.0,15,580.0
563043700,1648786436,6.074387,112.335709,142.0,15,580.0
563043700,1648790089,6.195073,112.52404,129.0,15,580.0
563043700,1648794218,6.318983,112.737434,128.0,15,650.0
563043700,1648805841,6.576092,113.387016,132.0,15,780.0
563043700,1648807770,6.601888,113.502022,132.0,15,770.0
563043700,1648809581,6.627313,113.609283,130.0,15,770.0
563043700,1648810490,6.641037,113.66256,129.0,15,750.0
563043700,1648813211,6.679495,113.821823,129.0,15,770.0
563043700,1648815421,6.710602,113.94944,127.0,15,760.0
563043700,1648815931,6.717892,113.9785,125.0,15,760.0
563043700,1648816323,6.723468,114.000458,124.0,15,760.0
563043700,1648817243,6.73683,114.052292,124.0,15,750.0
563043700,1648819963,6.777983,114.20256,123.0,15,750.0
563043700,1648820872,6.791955,114.252701,123.0,15,760.0
563043700,1648821773,6.804273,114.30265,122.0,15,770.0
563043700,1648822693,6.816703,114.353683,121.0,15,770.0
563043700,1648824561,6.840967,114.455589,121.0,15,740.0
563043700,1648825490,6.8553,114.505829,120.0,15,740.0
563043700,1648827332,6.879893,114.606087,119.0,15,770.0
563043700,1648828263,6.892272,114.655762,118.0,15,730.0
563043700,1648829522,6.911983,114.721733,117.0,15,750.0
563043700,1648830740,6.930257,114.786163,118.0,15,750.0
563043700,1648835129,6.989355,115.023582,123.0,15,760.0
563043700,1648836029,7.002247,115.072884,122.0,15,750.0
563043700,1648837169,7.018072,115.135521,121.0,15,750.0
563043700,1648838719,7.040362,115.220428,124.0,15,750.0
563043700,1648856243,7.312027,116.173576,121.0,0,604.0
563043700,1648861580,7.44606,116.45237,126.0,0,646.0
563043700,1648905591,8.09587,118.637665,116.0,15,1130.0
563043700,1648906562,8.073057,118.68634,122.0,15,1180.0
563043700,1648907501,8.030853,118.720856,130.0,15,1500.0
563043700,1648909672,7.915903,118.78392,134.0,15,1460.0
563043700,1648919130,7.441125,119.085579,129.0,0,1509.0
563043700,1648920142,7.390305,119.116631,126.0,15,1480.0
563043700,1648925302,7.13675,119.272758,124.0,15,1480.0
563043700,1648925441,7.129908,119.276955,125.0,15,1490.0
563043700,1648926861,7.058812,119.320267,126.0,15,1490.0
563043700,1648931622,6.816292,119.469894,130.0,15,1510.0
563043700,1648932551,6.768003,119.498398,130.0,15,1490.0
563043700,1648933593,6.71448,119.531601,129.0,15,1480.0
563043700,1648934371,6.67725,119.555916,117.0,15,1460.0
563043700,1648934502,6.671537,119.559921,115.0,15,1460.0
563043700,1648935453,6.628143,119.588989,121.0,15,1450.0
563043700,1648936613,6.573883,119.624893,121.0,15,1470.0
563043700,1648937293,6.541007,119.645515,123.0,15,1490.0
563043700,1648938623,6.473653,119.682014,123.0,15,1530.0
563043700,1648939182,6.444663,119.6959,124.0,15,1540.0
563043700,1648940523,6.378593,119.736496,126.0,15,1490.0
563043700,1648941442,6.331548,119.763382,127.0,15,1500.0
563043700,1648941893,6.308308,119.776619,129.0,15,1510.0
563043700,1648943712,6.215547,119.833656,131.0,15,1490.0
563043700,1648944663,6.162807,119.858513,132.0,15,1570.0
563043700,1648945422,6.11612,119.865753,135.0,15,1770.0
563043700,1648945572,6.106865,119.866257,132.0,15,1760.0
563043700,1648946342,6.05961,119.864761,132.0,15,1890.0
563043700,1648948282,5.945482,119.842987,125.0,15,1920.0
563043700,1648949192,5.89512,119.830063,119.0,15,2020.0
563043700,1648950013,5.85536,119.812729,115.0,15,1980.0
563043700,1648950093,5.8512,119.811317,119.0,15,1990.0
563043700,1648950923,5.811383,119.795708,113.0,15,1990.0
563043700,1648951923,5.762462,119.782166,110.0,15,1960.0
563043700,1648952405,5.739227,119.775017,104.0,0,1955.0
563043700,1648952734,5.723537,119.771133,108.0,15,1940.0
563043700,1648953652,5.67555,119.760078,125.0,15,1930.0
563043700,1648953742,5.670525,119.758812,127.0,15,1950.0
563043700,1648954642,5.61739,119.746544,131.0,15,1900.0
563043700,1648955812,5.547908,119.735382,127.0,15,1870.0
563043700,1648955951,5.560152,119.736908,126.0,15,1880.0
563043700,1648956502,5.50717,119.729858,129.0,15,1920.0
563043700,1648956722,5.494003,119.727058,132.0,15,1940.0
563043700,1648958332,5.398023,119.699333,133.0,15,1970.0
563043700,1648960183,5.295975,119.663383,128.0,15,1960.0
563043700,1648962893,5.13446,119.644547,133.0,15,1840.0
563043700,1648965596,4.954847,119.64019,138.0,15,1750.0
563043700,1648965882,4.936522,119.641258,140.0,15,1770.0
563043700,1648966502,4.89758,119.640709,125.0,15,1810.0
563043700,1648967291,4.850468,119.640121,130.0,0,1816.0
563043700,1648969259,4.727413,119.634491,139.0,15,1840.0
563043700,1648971062,4.609157,119.625824,143.0,15,1830.0
563043700,1648971965,4.550282,119.622047,141.0,15,1840.0
563043700,1648973787,4.430903,119.613411,137.0,15,1820.0
563043700,1648975636,4.31248,119.610504,138.0,15,1810.0
563043700,1648976546,4.255065,119.608978,133.0,15,1820.0
563043700,1648977447,4.19938,119.608894,134.0,15,1790.0
563043700,1648979317,4.08582,119.608292,129.0,15,1810.0
563043700,1648980266,4.029598,119.607239,125.0,15,1810.0
563043700,1648982107,3.926362,119.592537,122.0,15,1910.0
563043700,1648983965,3.825392,119.560837,129.0,15,2090.0
563043700,1648985825,3.725227,119.524254,123.0,15,1930.0
563043700,1648986796,3.670233,119.516655,125.0,15,1850.0
563043700,1648987716,3.617343,119.512749,121.0,15,1790.0
563043700,1648988646,3.565635,119.514397,119.0,15,1780.0
563043700,1648989821,3.49977,119.516907,123.0,15,1830.0
563043700,1648990646,3.453265,119.511116,124.0,15,1950.0
563043700,1648990822,3.443307,119.508553,123.0,15,1940.0
563043700,1648992223,3.36628,119.489609,122.0,15,1930.0
563043700,1648992902,3.32859,119.480629,123.0,15,1940.0
563043700,1648993326,3.305232,119.474297,125.0,0,1991.0
563043700,1648993377,3.30248,119.473351,126.0,15,1990.0
563043700,1648993654,3.286982,119.467995,127.0,0,1992.0
563043700,1648994662,3.230117,119.453117,123.0,0,1908.0
563043700,1648994722,3.22674,119.452515,123.0,15,1900.0
563043700,1648994723,3.22674,119.452515,123.0,0,1901.0
563043700,1648994894,3.217192,119.450806,123.0,15,1900.0
563043700,1648995197,3.200148,119.447647,125.0,15,1930.0
563043700,1648995642,3.174678,119.441711,125.0,15,1930.0
563043700,1648995993,3.15506,119.437111,125.0,15,1930.0
563043700,1648996105,3.148805,119.435669,125.0,15,1930.0
563043700,1648996403,3.13176,119.431786,126.0,0,1928.0
563043700,1648997472,3.070633,119.416779,126.0,15,1940.0
563043700,1648997926,3.045267,119.410477,126.0,15,1940.0
563043700,1648998373,3.019395,119.404137,128.0,15,1940.0
563043700,1648998829,2.99324,119.397835,130.0,15,1940.0
563043700,1648999230,2.969687,119.392052,129.0,0,1930.0
563043700,1648999277,2.966748,119.391312,129.0,15,1950.0
563043700,1648999731,2.942912,119.38018,125.0,15,2130.0
563043700,1649001176,2.873793,119.332054,129.0,15,2160.0
563043700,1649003361,2.768618,119.258675,127.0,15,2160.0
563043700,1649004271,2.72468,119.228065,127.0,15,2140.0
563043700,1649005232,2.678308,119.196594,123.0,15,2150.0
563043700,1649007052,2.590787,119.135925,129.0,15,2150.0
563043700,1649009082,2.490117,119.067039,130.0,15,2150.0
563043700,1649011268,2.379957,118.990463,133.0,15,2150.0
563043700,1649012548,2.31581,118.946342,128.0,15,2140.0
563043700,1649014457,2.223673,118.882538,124.0,15,2130.0
563043700,1649015653,2.190092,118.859512,128.0,15,2160.0
563043700,1649017237,2.088658,118.786407,128.0,15,2200.0
563043700,1649018468,2.049177,118.731987,123.0,15,2650.0
563043700,1649019062,2.041348,118.699173,123.0,15,2520.0
563043700,1649020010,2.028705,118.645775,126.0,15,2570.0
563043700,1649020872,2.017098,118.596321,128.0,15,2570.0
563043700,1649021707,2.00749,118.549149,121.0,15,2550.0
563043700,1649022201,2.000652,118.522125,125.0,15,2560.0
563043700,1649024022,1.979757,118.426193,104.0,15,2600.0
563043700,1649024047,1.979503,118.42485,100.0,15,2600.0
563043700,1649024943,1.972407,118.392685,74.0,15,2580.0
563043700,1649025529,1.968122,118.373344,72.0,15,2570.0
563043700,1649025851,1.966173,118.362953,67.0,15,2640.0
563043700,1649027338,1.96823,118.338303,67.0,15,2680.0
563043700,1649027802,1.96826,118.316818,122.0,15,2730.0
563043700,1649028270,1.969458,118.28923,127.0,15,2720.0
563043700,1649028712,1.970315,118.264328,115.0,15,2720.0
563043700,1649029179,1.9715,118.239365,115.0,15,2740.0
